535.7,706.2,0.7
494.34,741.4,1.5
461.12,773.96,2.2
408.87,804.43,2.9
370.15,830.5,3.7
338.91,856.57,4.4
307.12,876.59,5.1
275.22,891,5.8
233.64,903.76,6.6
200.75,915.42,7.3
151.58,932.8,8
101.64,942.48,8.8
63.25,959.64,9.5
40.7,971.41,10.2
25.3,983.95,11
14.08,996.27,11.7
11.99,1011.67,12.4
11.99,1021.46,13.1
11.99,1029.71,13.9
11.99,1033.12,14.6
11.99,1033.78,15.3
9.9,1032.68,16.1
11.99,1031.25,16.8
9.9,1026.74,17.5
9.9,1018.05,18.3
6.16,1013.21,19
9.9,1002.21,19.7
6.16,997.15,20.4
6.16,992.2,21.2
4.07,991.65,21.9
4.07,986.59,22.6
4.07,981.09,23.4
4.07,982.52,24.1
4.07,985.71,24.8
4.07,995.83,25.6
4.07,999.13,26.3
4.07,1003.09,27
4.07,1011.01,27.7
4.07,1019.04,28.5
0,1027.95,29.2
4.07,1031.91,29.9
0,1039.28,30.7
0,1046.54,31.4
0,1046.98,32.1
0,1048.19,32.9
0,1051.05,33.6
0,1049.29,34.3
0,1048.19,35
0,1049.84,35.8
0,1044.01,36.5
0,1047.97,37.2
0,1047.75,38
0,1046.21,38.7
0,1047.64,39.4
4.07,1041.7,40.2
6.16,1036.64,40.9
8.25,1012.99,41.6
18.59,987.91,42.3
35.09,972.07,43.1
81.29,953.37,43.8
147.18,931.48,44.5
192.39,912.89,45.3
235.73,889.57,46
273.24,868.01,46.7
300.74,839.08,47.5
326.37,816.42,48.2
350.79,782.76,48.9
377.85,745.91,49.6
407.11,704.55,50.4
446.93,659.01,51.1
490.6,617.1,51.8
561.77,563.97,52.6
649.99,497.2,53.3
728.97,433.29,54
794.97,376.31,54.8
866.03,313.5,55.5
924.11,237.49,56.2
973.28,158.29,56.9
1011.78,107.91,57.7
1045.55,65.78,58.4
1075.58,20.46,59.1
1092.19,11.55,59.9
1105.28,3.96,60.6
1111.99,3.96,61.3
1112.32,0,62.1
1103.85,0,62.8
1095.71,0,63.5
1087.68,0,64.2
1075.36,0,65
1062.71,0,65.7
1054.9,0,66.4
1044.45,0,67.2
1034.11,0,67.9
1032.46,0,68.6
1031.14,0,69.4
1032.24,0,70.1
1037.74,0,70.8
1034.44,0,71.5
1040.27,0,72.3
1045.88,0,73
1047.64,0,73.7
1047.09,0,74.5
1048.3,0,75.2
1051.93,0,75.9
1053.91,0,76.7
1051.6,0,77.4
1053.8,0,78.1
1051.16,0,78.8
1046.43,0,79.6
1043.79,0,80.3
1043.02,0,81
1042.47,0,81.8
1044.23,0,82.5
1047.09,0,83.2
1044.56,0,84
1046.21,0,84.7
1044.89,0,85.4
1033.45,0,86.1
1013.87,0,86.9
991.1,0,87.6
986.37,0,88.3
984.83,0,89.1
984.94,0,89.8
980.21,0,90.5
977.24,0,91.3
958.76,0,92
948.53,13.64,92.7
925.1,54.89,93.4
897.38,150.04,94.2
860.97,214.94,94.9
819.17,299.42,95.6
772.2,370.04,96.4
717.64,409.75,97.1
658.24,440,97.8
589.16,456.5,98.6
521.51,485.1,99.3
451.33,563.86,0.9
368.28,648.78,1.9
272.91,695.75,2.8
215.6,781.11,3.7
167.64,846.67,4.7
112.75,905.74,5.6
49.06,955.24,6.5
13.53,999.79,7.4
0,1034.77,8.4
0,1058.2,9.3
0,1072.83,10.2
0,1082.84,11.2
0,1085.37,12.1
0,1083.28,13
0,1078.99,14
0,1068.1,14.9
0,1058.86,15.8
0,1042.91,16.7
0,1024.32,17.7
0,1013.32,18.6
0,996.82,19.5
0,985.27,20.5
0,979,21.4
0,967.56,22.3
0,966.24,23.3
0,964.81,24.2
0,968.99,25.1
0,972.73,26
0,974.6,27
0,978.56,27.9
0,985.38,28.8
0,992.75,29.8
0,998.8,30.7
0,1010.46,31.6
0,1006.06,32.6
0,1008.48,33.5
0,1009.58,34.4
0,1008.7,35.3
0,999.9,36.3
0,987.91,37.2
0,969.1,38.1
0,954.47,39.1
0,938.63,40
4.07,923.89,40.9
12.32,908.93,41.9
39.27,889.02,42.8
163.68,867.13,43.7
370.04,845.57,44.6
502.37,809.38,45.6
623.15,757.79,46.5
673.2,691.79,47.4
710.05,618.31,48.4
745.14,523.93,49.3
792.88,414.48,50.2
942.81,319.88,51.2
1057.1,234.63,52.1
1132.89,149.05,53
1193.72,89.21,53.9
1236.4,30.14,54.9
1259.28,6.05,55.8
1269.18,3.96,56.7
1272.04,0,57.7
1260.05,0,58.6
1237.17,0,59.5
1212.2,0,60.5
1176.34,0,61.4
1142.57,0,62.3
1106.6,0,63.2
1072.83,0,64.2
1039.06,0,65.1
1020.58,0,66
1006.17,0,67
987.58,0,67.9
977.13,0,68.8
969.21,0,69.8
968.11,0,70.7
968.88,0,71.6
967.78,0,72.5
975.15,0,73.5
978.67,0,74.4
990.88,0,75.3
999.13,0,76.3
1005.4,0,77.2
1012,0,78.1
1012,0,79.1
1021.13,0,80
1022.67,0,80.9
1026.96,0,81.8
1028.61,0,82.8
1032.13,0,83.7
1033.56,0,84.6
1028.94,0,85.6
1023.33,0,86.5
1011.67,0,87.4
1009.8,0,88.4
1003.09,0,89.3
1003.75,0,90.2
1002.1,0,91.1
993.41,0,92.1
990,9.13,93
978.01,32.01,93.9
952.82,128.04,94.9
924.77,236.39,95.8
879.12,330.66,96.7
828.41,439.01,97.7
765.16,489.17,98.6
685.52,532.62,99.5
592.02,574.53,100.4
498.3,606.76,1
392.26,672.1,1.9
280.28,758.34,2.9
190.41,834.13,3.8
139.59,899.14,4.8
73.7,964.59,5.8
28.71,1018.16,6.7
4.51,1048.3,7.7
0,1078.66,8.6
0,1097.25,9.6
0,1104.29,10.6
0,1102.42,11.5
0,1086.25,12.5
0,1070.19,13.4
0,1047.31,14.4
0,1024.21,15.4
0,1003.09,16.3
0,975.48,17.3
0,954.8,18.2
0,934.34,19.2
0,923.67,20.2
0,915.09,21.1
0,906.62,22.1
0,913.11,23
0,914.76,24
0,913.99,25
0,920.37,25.9
0,926.97,26.9
0,938.3,27.8
0,949.96,28.8
0,966.46,29.8
0,981.09,30.7
0,992.75,31.7
0,1004.85,32.6
0,1013.21,33.6
0,1009.91,34.6
0,1004.63,35.5
0,1003.2,36.5
0,995.06,37.4
0,963.16,38.4
0,939.51,39.4
0,921.69,40.3
4.07,902.66,41.3
18.59,885.06,42.2
64.46,861.19,43.2
306.13,832.37,44.2
486.53,797.94,45.1
647.24,741.51,46.1
742.72,670.12,47
792,584.1,48
837.32,479.16,49
896.5,352.88,49.9
994.73,251.13,50.9
1110.45,166.98,51.8
1156.87,102.85,52.8
1196.25,48.62,53.8
1217.04,11,54.7
1225.07,3.96,55.7
1211.76,3.96,56.6
1200.21,3.96,57.6
1166.33,3.96,58.6
1129.92,3.96,59.5
1088.78,0,60.5
1043.24,0,61.4
1002.76,0,62.4
959.64,0,63.4
924.77,0,64.3
895.73,0,65.3
879.56,0,66.2
863.39,0,67.2
853.82,0,68.2
848.21,0,69.1
848.98,0,70.1
854.37,0,71
863.83,0,72
876.15,0,73
883.63,0,73.9
897.49,0,74.9
907.17,0,75.8
928.18,0,76.8
942.48,0,77.8
959.42,0,78.7
974.71,0,79.7
987.47,0,80.6
998.47,0,81.6
1011.45,0,82.6
1017.72,0,83.5
1025.64,0,84.5
1026.96,0,85.4
1024.54,0,86.4
1015.52,0,87.4
1014.75,0,88.3
1017.83,0,89.3
1005.18,0,90.2
996.82,0,91.2
983.29,0,92.2
967.78,0,93.1
954.36,0,94.1
933.9,13.64,95
906.84,50.27,96
876.37,174.13,97
834.9,269.39,97.9
774.62,372.35,98.9
710.05,479.38,99.8
629.31,567.05,100.8
540.76,649.22,1
439.01,719.4,1.9
333.63,752.84,2.9
240.46,808.06,3.8
177.54,880.66,4.8
107.58,944.24,5.7
47.19,987.25,6.7
12.65,1021.02,7.6
6.27,1056.22,8.6
6.27,1077.45,9.5
4.18,1084.82,10.5
4.18,1094.5,11.4
0,1088.34,12.4
0,1072.39,13.3
0,1052.92,14.3
0,1033.56,15.2
0,1017.94,16.2
0,998.91,17.1
0,977.9,18.1
0,966.13,19
0,959.2,20
0,950.95,20.9
0,949.96,21.9
0,949.08,22.8
0,945.67,23.8
0,947.1,24.7
0,943.69,25.7
0,946.33,26.6
0,950.29,27.6
0,947.98,28.5
0,947.98,29.5
0,945.45,30.4
0,953.04,31.4
0,957.88,32.3
0,963.38,33.3
0,967.12,34.2
0,969.21,35.2
0,970.53,36.1
0,969.1,37.1
0,951.83,38
0,939.18,39
0,924.77,39.9
0,907.17,40.9
0,895.07,41.8
6.16,874.28,42.8
28.93,852.39,43.7
135.85,830.28,44.7
366.3,795.63,45.6
509.19,754.05,46.6
657.58,697.73,47.5
741.62,622.05,48.5
801.46,535.48,49.4
847.66,421.85,50.4
897.05,309.1,51.3
999.46,221.1,52.3
1113.75,148.06,53.2
1167.76,92.07,54.2
1217.04,42.9,55.1
1246.41,15.95,56.1
1260.71,3.96,57
1260.16,0,58
1246.3,0,58.9
1213.74,0,59.9
1177.44,0,60.8
1130.8,0,61.8
1084.93,0,62.7
1038.84,0,63.7
995.39,0,64.6
957.11,0,65.6
924.22,0,66.5
899.69,0,67.5
877.69,0,68.4
866.58,0,69.4
861.63,0,70.3
860.75,0,71.3
870.98,0,72.2
879.01,0,73.2
900.35,0,74.1
919.6,0,75.1
945.23,0,76
970.97,0,77
987.69,0,77.9
1002.1,0,78.9
1012.55,0,79.8
1025.42,0,80.8
1029.82,0,81.7
1028.83,0,82.7
1027.4,0,83.6
1020.36,0,84.6
1015.41,0,85.5
1000.78,0,86.5
996.27,0,87.4
988.46,0,88.4
977.68,0,89.3
968.99,0,90.3
959.86,0,91.2
950.4,0,92.2
938.74,0,93.1
924.44,0,94.1
905.41,0,95
877.58,20.57,96
847.44,88.22,96.9
807.95,186.12,97.9
759.77,267.85,98.8
697.62,388.96,99.8
631.07,487.19,100.7
552.64,576.29,0.9
472.56,653.4,1.9
380.38,742.94,2.8
276.98,803.55,3.8
206.58,871.64,4.7
145.42,935.11,5.6
72.82,998.03,6.6
30.47,1040.49,7.5
6.27,1074.04,8.5
4.18,1094.5,9.4
4.18,1113.2,10.3
0,1115.62,11.3
0,1110.01,12.2
0,1101.87,13.2
0,1084.71,14.1
0,1060.07,15
0,1028.72,16
0,993.63,16.9
0,972.62,17.9
0,944.02,18.8
0,923.12,19.7
0,901.78,20.7
0,887.37,21.6
0,875.38,22.6
0,866.91,23.5
0,868.23,24.4
0,874.28,25.4
0,877.58,26.3
0,887.7,27.3
0,891.77,28.2
0,903.43,29.1
0,916.52,30.1
0,930.38,31
0,946.22,32
0,960.3,32.9
0,970.97,33.8
0,971.08,34.8
0,980.87,35.7
0,982.52,36.7
0,977.13,37.6
0,966.13,38.5
0,955.13,39.5
0,939.73,40.4
0,920.81,41.4
8.25,905.19,42.3
26.84,874.94,43.2
81.84,854.37,44.2
287.43,827.09,45.1
422.07,793.43,46.1
559.13,748.33,47
653.62,683.98,47.9
712.91,610.28,48.9
747.67,512.6,49.8
779.68,409.64,50.8
862.62,294.58,51.7
984.83,221.21,52.6
1097.69,152.46,53.6
1177.99,94.6,54.5
1241.24,48.29,55.5
1282.93,15.95,56.4
1302.73,3.96,57.3
1312.08,0,58.3
1299.87,0,59.2
1277.76,0,60.2
1246.19,0,61.1
1205.93,0,62
1157.2,0,63
1110.89,0,63.9
1070.3,0,64.9
1036.75,0,65.8
1005.51,0,66.7
980.32,0,67.7
965.91,0,68.6
956.56,0,69.6
951.17,0,70.5
958.98,0,71.4
964.26,0,72.4
978.45,0,73.3
993.41,0,74.3
1006.72,0,75.2
1018.27,0,76.1
1034.22,0,77.1
1043.13,0,78
1047.2,0,79
1048.85,0,79.9
1050.72,0,80.8
1050.72,0,81.8
1049.95,0,82.7
1043.9,0,83.7
1031.14,0,84.6
1023.55,0,85.5
1011.23,0,86.5
1004.85,0,87.4
997.92,0,88.4
998.47,0,89.3
994.51,0,90.2
985.6,0,91.2
980.32,0,92.1
970.53,0,93.1
951.5,0,94
928.07,25.08,94.9
897.93,95.37,95.9
879.56,181.61,96.8
812.35,264.55,97.8
753.39,372.9,98.7
676.39,454.96,99.6
585.97,536.14,100.6
487.3,612.92,0.9
393.58,704.22,1.8
279.62,794.97,2.7
196.68,844.47,3.6
143.66,887.48,4.6
77.99,937.97,5.5
31.02,987.8,6.4
24.75,1015.08,7.3
0,1042.14,8.2
0,1062.71,9.1
0,1072.06,10
0,1074.92,10.9
0,1068.98,11.8
0,1056.55,12.7
0,1036.64,13.7
0,1017.28,14.6
0,995.17,15.5
0,973.72,16.4
0,956.89,17.3
0,940.28,18.2
0,926.2,19.1
0,914.54,20
0,909.81,20.9
0,904.75,21.8
0,905.85,22.8
0,907.83,23.7
0,908.6,24.6
0,912.01,25.5
0,920.59,26.4
0,927.3,27.3
0,934.45,28.2
0,945.67,29.1
0,957.11,30
0,965.69,30.9
0,975.81,31.9
0,986.26,32.8
0,983.29,33.7
0,981.86,34.6
0,986.59,35.5
0,983.95,36.4
0,981.09,37.3
0,976.47,38.2
0,972.29,39.1
0,965.47,40
0,957.22,41
0,945.89,41.9
0,935.44,42.8
8.25,922.35,43.7
43.45,904.75,44.6
169.51,887.15,45.5
293.48,862.07,46.4
412.5,831.16,47.3
527.01,785.07,48.2
607.75,727.65,49.1
657.14,656.48,50.1
687.83,569.03,51
729.74,471.68,51.9
795.41,353.32,52.8
893.75,258.17,53.7
994.62,177.65,54.6
1054.46,124.85,55.5
1101.54,73.37,56.4
1144.33,32.56,57.3
1165.67,15.95,58.2
1176.89,11,59.2
1170.95,11,60.1
1154.12,3.96,61
1133.33,0,61.9
1097.58,0,62.8
1062.05,0,63.7
1026.08,0,64.6
990.77,0,65.5
966.02,0,66.4
946,0,67.3
934.78,0,68.3
932.14,0,69.2
929.72,0,70.1
938.08,0,71
949.08,0,71.9
961.62,0,72.8
974.6,0,73.7
998.36,0,74.6
1016.18,0,75.5
1022.34,0,76.4
1035.65,0,77.4
1047.09,0,78.3
1058.2,0,79.2
1063.15,0,80.1
1063.48,0,81
1063.48,0,81.9
1063.81,0,82.8
1060.07,0,83.7
1061.94,0,84.6
1045.55,0,85.5
1032.9,0,86.5
1022.78,0,87.4
1016.84,0,88.3
1009.47,0,89.2
999.13,0,90.1
992.75,0,91
983.95,0,91.9
972.07,0,92.8
953.59,0,93.7
928.29,18.26,94.6
895.95,73.81,95.6
852.72,187.88,96.5
806.85,261.91,97.4
748.77,358.05,98.3
678.37,448.47,99.2
601.04,536.36,100.1
509.96,636.68,1
426.03,729.85,1.9
327.58,772.53,2.9
237.93,817.63,3.8
171.82,868.56,4.8
119.24,909.7,5.7
51.15,943.36,6.7
19.8,975.26,7.6
0,1002.43,8.6
0,1024.65,9.5
0,1036.75,10.5
0,1044.12,11.4
0,1046.43,12.4
0,1042.25,13.3
0,1025.09,14.3
0,1006.39,15.2
0,987.47,16.2
0,970.2,17.1
0,957.66,18.1
0,942.92,19
0,935,20
0,933.9,20.9
0,932.69,21.9
0,931.48,22.8
0,935.77,23.8
0,939.73,24.7
0,944.13,25.7
0,950.95,26.6
0,957.22,27.6
0,959.86,28.5
0,965.03,29.5
0,969.43,30.4
0,967.12,31.4
0,975.37,32.3
0,971.52,33.3
0,967.67,34.2
0,965.91,35.2
0,960.96,36.1
0,952.93,37.1
0,943.91,38
0,926.2,39
0,912.56,39.9
0,900.02,40.9
8.25,880,41.8
24.75,864.6,42.8
87.78,847.66,43.7
297.55,827.97,44.7
426.25,794.2,45.6
553.96,748.11,46.6
633.16,693.77,47.5
675.4,627.11,48.5
713.79,544.28,49.4
747.89,457.93,50.4
805.97,336.05,51.3
911.68,244.2,52.3
1022.01,162.36,53.2
1097.25,113.3,54.2
1159.84,68.86,55.1
1203.84,32.89,56.1
1228.59,15.95,57
1240.8,11,58
1239.7,3.96,58.9
1225.29,0,59.9
1196.58,0,60.8
1159.84,0,61.8
1124.53,0,62.7
1086.91,0,63.7
1053.8,0,64.6
1026.74,0,65.6
1004.3,0,66.5
983.73,0,67.5
974.16,0,68.4
968.99,0,69.4
965.91,0,70.3
969.32,0,71.3
979,0,72.2
995.28,0,73.2
1011.45,0,74.1
1023.44,0,75.1
1042.8,0,76
1053.47,0,77
1060.18,0,77.9
1067.22,0,78.9
1069.75,0,79.8
1068.21,0,80.8
1067.88,0,81.7
1061.06,0,82.7
1053.03,0,83.6
1042.91,0,84.6
1033.34,0,85.5
1013.21,0,86.5
1002.1,0,87.4
986.15,0,88.4
983.62,0,89.3
980.43,0,90.3
978.45,0,91.2
978.23,0,92.2
973.5,0,93.1
963.71,0,94.1
946.88,0,95
926.09,27.39,96
898.15,120.89,96.9
861.41,233.31,97.9
811.47,320.76,98.8
753.5,425.48,99.8
683.32,529.87,100.7
603.24,650.98,0.9
507.21,699.27,1.8
409.53,716.1,2.7
303.82,759.33,3.6
218.35,802.56,4.5
161.04,850.63,5.4
97.57,896.83,6.3
39.93,930.49,7.2
10.89,967.45,8.1
4.51,992.53,9
0,1011.34,9.9
0,1023.33,10.8
0,1033.01,11.7
0,1036.42,12.6
0,1031.14,13.5
0,1018.93,14.4
0,1003.97,15.3
0,995.28,16.2
0,974.05,17.1
0,951.94,18
0,935.66,18.9
0,921.58,19.8
0,913.99,20.7
0,904.31,21.6
0,901.01,22.5
0,895.62,23.4
0,896.72,24.3
0,902.11,25.2
0,900.24,26.1
0,912.45,27
0,915.75,27.9
33.33,925.98,28.8
30.8,935.55,29.7
12.98,942.92,30.6
0,955.46,31.5
0,956.67,32.4
0,965.91,33.3
0,975.15,34.2
0,982.63,35.1
0,973.94,36
0,969.21,36.9
4.07,959.09,37.8
6.16,947.98,38.7
12.32,928.18,39.6
24.75,915.42,40.5
49.61,898.92,41.4
176.99,878.57,42.3
346.06,855.8,43.2
469.59,827.64,44.1
575.96,777.92,45
627.66,718.19,45.9
652.96,648.89,46.8
680.57,567.27,47.7
742.61,474.43,48.6
853.27,357.94,49.5
969.43,257.95,50.4
1050.39,183.15,51.3
1121.78,127.05,52.2
1172.6,82.28,53.1
1210.33,35.86,54
1228.7,16.39,54.9
1240.47,13.86,55.8
1243.44,4.95,56.7
1231.23,0,57.6
1208.57,0,58.5
1181.62,0,59.4
1145.32,0,60.3
1109.57,0,61.2
1078.22,0,62.1
1048.96,0,63
1015.85,0,63.9
995.28,0,64.8
979.22,0,65.7
973.72,0,66.6
964.37,0,67.5
968.22,0,68.4
969.54,0,69.3
971.3,0,70.2
975.48,0,71.1
983.51,0,72
987.58,0,72.9
997.81,0,73.8
1004.3,0,74.7
1010.68,0,75.6
1008.7,0,76.5
1009.03,0,77.4
1010.02,0,78.3
985.16,0,79.2
985.05,0,80.1
974.6,0,81
968,0,81.9
965.47,0,82.8
968.88,0,83.7
976.25,0,84.6
984.83,0,85.5
984.5,0,86.4
983.95,0,87.3
984.61,0,88.2
979,4.51,89.1
966.79,20.57,90
947.65,78.65,90.9
924.22,186.78,91.8
892.1,260.59,92.7
850.19,352.88,93.6
803.44,441.54,94.5
742.5,493.9,95.4
667.15,556.6,96.3
576.62,572.66,97.2
485.32,606.76,1
385,660.88,1.9
279.18,733.81,2.9
201.52,797.17,3.8
146.63,861.52,4.8
89.1,919.49,5.8
33.33,958.76,6.7
4.51,998.91,7.7
0,1029.05,8.6
0,1047.31,9.6
0,1058.97,10.6
0,1063.7,11.5
0,1054.79,12.5
0,1051.27,13.4
0,1037.74,14.4
0,1021.79,15.4
0,1003.42,16.3
0,985.49,17.3
0,965.91,18.2
0,953.15,19.2
0,938.19,20.2
0,932.03,21.1
0,930.49,22.1
0,932.03,23
0,928.73,24
0,933.13,25
0,934.78,25.9
0,939.29,26.9
0,943.8,27.8
0,953.15,28.8
0,962.83,29.8
0,974.71,30.7
0,990.33,31.7
0,1003.09,32.6
0,1012,33.6
0,1015.3,34.6
0,1019.04,35.5
0,1010.02,36.5
0,1001.44,37.4
0,981.2,38.4
0,962.39,39.4
0,944.79,40.3
8.25,918.61,41.3
26.84,903.43,42.2
92.18,883.96,43.2
299.2,861.3,44.2
431.86,834.24,45.1
563.53,788.7,46.1
643.61,730.51,47
683.98,664.62,48
718.19,582.34,49
751.63,480.37,49.9
809.93,377.08,50.9
902.77,267.63,51.8
984.61,184.8,52.8
1034.44,128.59,53.8
1087.79,81.95,54.7
1122.66,40.92,55.7
1141.8,18.48,56.6
1157.64,8.91,57.6
1159.07,8.91,58.6
1146.97,3.96,59.5
1133.77,3.96,60.5
1111,0,61.4
1086.47,0,62.4
1061.61,0,63.4
1037.08,0,64.3
1014.64,0,65.3
998.91,0,66.2
980.65,0,67.2
967.78,0,68.2
967.45,0,69.1
962.94,0,70.1
962.94,0,71
971.85,0,72
980.76,0,73
989.67,0,73.9
995.83,0,74.9
1004.19,0,75.8
1008.37,0,76.8
1011.89,0,77.8
1012.88,0,78.7
1016.29,0,79.7
1020.47,0,80.6
1026.85,0,81.6
1023.44,0,82.6
1026.63,0,83.5
1022.78,0,84.5
1017.94,0,85.4
1013.32,0,86.4
1009.69,0,87.4
1002.87,0,88.3
999.35,0,89.3
1001.88,0,90.2
995.61,0,91.2
993.19,0,92.2
983.4,4.51,93.1
969.32,15.95,94.1
946.22,64.35,95
924.88,182.38,96
885.72,258.17,97
842.49,345.95,97.9
787.27,439.01,98.9
715,502.81,99.8
629.09,579.37,100.8
535.48,614.35,1
435.38,639.1,1.9
331.98,700.04,2.9
239.47,773.08,3.9
169.84,840.62,4.9
115.39,900.24,5.8
48.84,954.14,6.8
15.29,998.47,7.8
4.51,1033.78,8.7
0,1061.06,9.7
0,1072.5,10.7
0,1079.87,11.6
0,1073.27,12.6
0,1059.41,13.6
0,1038.95,14.6
0,1020.91,15.5
0,998.58,16.5
0,982.85,17.5
0,967.78,18.4
0,952.49,19.4
0,942.04,20.4
0,938.19,21.3
0,934.78,22.3
0,931.04,23.3
0,936.65,24.3
0,935.77,25.2
0,937.64,26.2
0,950.84,27.2
0,950.07,28.1
0,957,29.1
0,966.13,30.1
0,980.43,31
0,991.1,32
0,1001.99,33
0,1014.97,34
0,1019.04,34.9
0,1020.36,35.9
0,1013.43,36.9
0,1002.54,37.8
0,983.29,38.8
0,961.07,39.8
0,938.63,40.7
14.41,915.64,41.7
43.45,888.8,42.7
223.08,867.46,43.7
420.2,834.57,44.6
563.09,791.56,45.6
678.92,724.79,46.6
731.83,656.15,47.5
773.63,568.15,48.5
807.18,467.61,49.5
868.67,347.6,50.4
970.09,232.76,51.4
1040.82,149.93,52.4
1089.99,99.44,53.4
1140.48,52.36,54.3
1169.08,12.43,55.3
1182.72,9.9,56.3
1185.47,4.95,57.2
1180.08,0,58.2
1159.62,0,59.2
1128.6,0,60.1
1095.49,0,61.1
1060.4,0,62.1
1025.75,0,63.1
995.83,0,64
965.91,0,65
944.35,0,66
928.84,0,66.9
915.2,0,67.9
903.87,0,68.9
903.32,0,69.8
906.73,0,70.8
917.18,0,71.8
934.34,0,72.8
949.41,0,73.7
964.15,0,74.7
983.84,0,75.7
1000.89,0,76.6
1009.25,0,77.6
1017.28,0,78.6
1023.33,0,79.5
1022.89,0,80.5
1024.76,0,81.5
1025.64,0,82.5
1015.74,0,83.4
1012.55,0,84.4
1007.38,0,85.4
994.51,0,86.3
988.02,0,87.3
986.92,0,88.3
974.38,0,89.2
969.87,0,90.2
965.14,0,91.2
953.92,0,92.2
948.86,6.82,93.1
936.87,22.88,94.1
920.15,66.66,95.1
890.12,177.87,96
855.58,253.66,97
810.04,345.73,98
761.75,439.01,98.9
701.58,514.69,99.9
622.6,598.18,100.9
539.77,626.56,1
462.99,650.98,2
366.63,708.07,2.9
279.84,769.01,3.9
215.38,836.33,4.9
152.13,886.6,5.9
95.15,933.24,6.9
41.8,975.04,7.8
12.98,1010.35,8.8
0,1033.23,9.8
0,1052.26,10.8
0,1066.45,11.8
0,1061.94,12.7
0,1057.87,13.7
0,1039.61,14.7
0,1028.94,15.7
0,1013.32,16.7
0,993.52,17.6
0,985.93,18.6
0,968.66,19.6
0,951.61,20.6
0,943.47,21.6
0,933.46,22.5
0,935.22,23.5
0,929.28,24.5
0,933.9,25.5
0,930.93,26.5
0,937.53,27.4
0,944.57,28.4
0,951.61,29.4
0,954.36,30.4
0,966.57,31.4
0,972.4,32.3
0,977.46,33.3
0,987.69,34.3
0,995.17,35.3
0,996.16,36.3
0,996.05,37.2
0,991.43,38.2
0,980.65,39.2
0,968.55,40.2
0,948.53,41.2
6.16,930.49,42.1
22.77,910.14,43.1
64.46,890.12,44.1
277.09,867.79,45.1
435.71,833.91,46.1
561.99,789.69,47
653.95,733.7,48
699.05,662.86,49
735.46,581.9,50
767.03,484.33,51
829.62,360.03,51.9
929.28,256.63,52.9
1000.78,191.62,53.9
1062.05,124.3,54.9
1121.45,72.82,55.9
1161.27,33.88,56.8
1190.86,12.43,57.8
1209.45,9.9,58.8
1217.92,4.95,59.8
1213.3,0,60.8
1201.64,0,61.7
1177.77,0,62.7
1144.77,0,63.7
1111.44,0,64.7
1087.02,0,65.7
1060.4,0,66.6
1035.87,0,67.6
1017.61,0,68.6
1003.64,0,69.6
998.47,0,70.6
997.48,0,71.5
1000.89,0,72.5
1013.54,0,73.5
1023.44,0,74.5
1031.36,0,75.5
1039.61,0,76.4
1045.77,0,77.4
1049.62,0,78.4
1053.25,0,79.4
1050.61,0,80.4
1052.26,0,81.3
1047.75,0,82.3
1043.79,0,83.3
1032.57,0,84.3
1025.64,0,85.3
1006.72,0,86.2
994.18,0,87.2
991.1,0,88.2
982.41,0,89.2
977.9,0,90.2
978.23,0,91.1
978.12,0,92.1
975.48,0,93.1
970.31,13.64,94.1
962.5,47.96,95.1
946,189.97,96
920.26,297.11,97
883.74,384.01,98
839.85,482.35,99
784.63,536.36,100
716.54,584.54,100.9
621.61,630.19,0.9
518.32,656.48,1.8
404.8,716.32,2.7
287.32,778.14,3.6
190.3,828.63,4.6
129.36,884.95,5.5
89.32,932.91,6.4
40.26,971.41,7.3
13.53,1001.22,8.2
6.71,1023.66,9.1
4.51,1041.81,10
4.51,1053.36,10.9
0,1055.89,11.8
0,1041.81,12.7
0,1030.92,13.7
0,1019.59,14.6
0,1006.61,15.5
0,990.99,16.4
0,977.46,17.3
0,964.26,18.2
0,953.37,19.1
0,944.79,20
0,934.23,20.9
0,930.38,21.8
0,926.53,22.8
0,924.99,23.7
0,921.58,24.6
0,931.59,25.5
0,932.47,26.4
0,936.76,27.3
0,938.52,28.2
0,947.98,29.1
0,963.27,30
0,972.73,30.9
0,987.8,31.9
0,1001.99,32.8
0,1016.07,33.7
0,1029.38,34.6
0,1033.67,35.5
0,1033.89,36.4
0,1034.22,37.3
0,1023.99,38.2
0,1009.25,39.1
0,991.54,40
4.07,965.47,41
16.5,941.93,41.9
45.54,918.83,42.8
205.15,890.56,43.7
371.8,859.65,44.6
493.02,823.35,45.5
606.43,780.23,46.4
659.78,707.41,47.3
689.7,640.2,48.2
705.43,561.99,49.1
719.51,466.18,50.1
783.53,362.23,51
877.47,257.62,51.9
961.29,179.19,52.8
1025.75,128.37,53.7
1085.26,85.03,54.6
1134.43,46.31,55.5
1164.24,16.39,56.4
1183.49,13.86,57.3
1194.27,8.91,58.2
1187.89,3.96,59.2
1166.44,0,60.1
1137.07,0,61
1105.72,0,61.9
1072.83,0,62.8
1045.44,0,63.7
1018.82,0,64.6
996.6,0,65.5
978.45,0,66.4
966.46,0,67.3
957,0,68.3
965.47,0,69.2
971.96,0,70.1
984.94,0,71
994.95,0,71.9
1013.87,0,72.8
1035.76,0,73.7
1052.81,0,74.6
1069.97,0,75.5
1083.39,0,76.4
1095.16,0,77.4
1104.29,0,78.3
1105.06,0,79.2
1105.72,0,80.1
1110.45,0,81
1105.28,0,81.9
1103.08,0,82.8
1099.12,0,83.7
1087.46,0,84.6
1073.16,0,85.5
1057.1,0,86.5
1041.81,0,87.4
1027.73,0,88.3
1012.33,0,89.2
1006.83,0,90.1
996.6,0,91
991.76,0,91.9
981.97,13.64,92.8
967.56,41.14,93.7
941.93,115.39,94.6
912.01,193.27,95.6
870.87,267.74,96.5
827.2,365.42,97.4
777.92,464.97,98.3
712.25,550.77,99.2
635.25,591.36,100.1
548.9,601.59,0.9
462.99,630.85,1.9
365.64,673.75,2.8
271.81,723.69,3.8
206.91,779.02,4.7
152.46,830.39,5.6
97.68,886.16,6.6
37.73,933.13,7.5
13.2,977.68,8.5
0,1015.63,9.4
0,1048.41,10.3
0,1064.8,11.3
0,1074.7,12.2
0,1070.08,13.2
0,1068.32,14.1
0,1062.38,15
0,1046.32,16
0,1035.32,16.9
0,1014.97,17.9
0,999.9,18.8
0,991.87,19.7
0,979.11,20.7
0,970.97,21.6
0,964.92,22.6
0,957.55,23.5
0,954.58,24.4
0,953.15,25.4
0,957,26.3
0,956.34,27.3
0,965.25,28.2
0,972.29,29.1
0,980.21,30.1
0,997.7,31
0,1003.97,32
0,1003.64,32.9
0,1012.11,33.8
0,1015.19,34.8
0,1005.29,35.7
0,993.52,36.7
0,978.01,37.6
0,961.73,38.5
0,939.07,39.5
6.16,918.72,40.4
20.68,901.45,41.4
66.66,879.01,42.3
285.23,863.06,43.2
441.54,834.79,44.2
569.14,790.35,45.1
659.89,729.96,46.1
711.26,667.15,47
747.12,585.64,47.9
782.65,482.9,48.9
860.42,357.83,49.8
959.86,254.21,50.8
1030.37,169.73,51.7
1086.25,111.21,52.6
1134.54,64.46,53.6
1164.9,29.04,54.5
1187.12,21.89,55.5
1189.98,8.91,56.4
1177.77,8.91,57.3
1167.87,0,58.3
1140.59,0,59.2
1109.9,3.96,60.2
1076.79,0,61.1
1050.28,0,62
1020.25,0,63
992.42,0,63.9
973.17,0,64.9
955.35,0,65.8
942.26,0,66.7
928.73,0,67.7
921.58,0,68.6
918.28,0,69.6
926.31,0,70.5
932.25,0,71.4
942.26,0,72.4
954.91,0,73.3
967.01,0,74.3
981.97,0,75.2
999.24,0,76.1
1005.07,0,77.1
1018.16,0,78
1026.41,0,79
1030.81,0,79.9
1030.15,0,80.8
1030.15,0,81.8
1023.99,0,82.7
1016.07,0,83.7
1004.52,0,84.6
996.16,0,85.5
990.66,0,86.5
983.4,0,87.4
972.4,0,88.4
968,0,89.3
959.09,0,90.2
956.12,0,91.2
946.77,0,92.1
935.55,0,93.1
923.89,0,94
907.61,18.26,94.9
884.4,52.58,95.9
858.77,152.35,96.8
819.28,232.76,97.8
772.09,300.85,98.7
711.59,404.36,99.6
643.39,504.46,100.6
560.56,599.72,1
476.96,639.87,1.9
376.97,693.77,2.9
280.83,755.04,3.9
219.01,818.4,4.9
156.31,877.03,5.8
86.13,926.64,6.8
37.29,975.59,7.8
14.96,1023.22,8.7
4.18,1059.08,9.7
4.18,1088.12,10.7
0,1100.22,11.6
0,1110.23,12.6
0,1108.58,13.6
0,1102.86,14.6
0,1082.4,15.5
0,1065.13,16.5
0,1046.1,17.5
0,1029.05,18.4
0,1012.55,19.4
0,992.64,20.4
0,980.1,21.3
0,969.43,22.3
0,961.62,23.3
0,955.57,24.3
0,955.02,25.2
0,950.07,26.2
0,944.79,27.2
0,947.65,28.1
0,945.67,29.1
0,946.55,30.1
0,947.32,31
0,947.98,32
0,956.12,33
0,952.27,34
0,953.15,34.9
0,952.49,35.9
0,947.87,36.9
0,930.27,37.8
0,921.58,38.8
0,906.95,39.8
10.34,893.09,40.7
24.75,878.13,41.7
66.66,859.65,42.7
274.89,837.43,43.7
447.37,805.42,44.6
592.02,761.31,45.6
698.28,707.63,46.6
747.78,644.16,47.5
779.13,562.65,48.5
817.74,469.59,49.5
899.14,357.39,50.4
977.68,257.84,51.4
1063.81,182.93,52.4
1130.36,124.52,53.4
1186.24,77.22,54.3
1224.3,40.7,55.3
1247.29,15.95,56.3
1255.1,11,57.2
1249.82,3.96,58.2
1231.34,3.96,59.2
1211.21,3.96,60.1
1181.95,3.96,61.1
1153.02,3.96,62.1
1115.4,3.96,63.1
1082.51,0,64
1051.6,0,65
1031.58,0,66
1006.72,0,66.9
984.39,0,67.9
970.75,0,68.9
961.51,0,69.8
963.49,0,70.8
960.74,0,71.8
972.95,0,72.8
978.78,0,73.7
990.77,0,74.7
1002.87,0,75.7
1010.46,0,76.6
1017.94,0,77.6
1023.99,0,78.6
1027.84,0,79.5
1027.4,0,80.5
1030.15,0,81.5
1021.24,0,82.5
1015.41,0,83.4
1007.49,0,84.4
993.96,0,85.4
978.56,0,86.3
973.06,0,87.3
968.88,0,88.3
962.61,0,89.2
957.99,0,90.2
955.79,0,91.2
952.93,0,92.2
947.76,0,93.1
935.33,4.51,94.1
923.01,18.26,95.1
902,59.51,96
874.06,168.85,97
839.41,251.02,98
798.27,345.51,98.9
744.7,446.05,99.9
676.61,530.75,100.9
594.55,612.37,0.9
509.74,626.89,1.9
425.48,664.29,2.8
323.4,737.88,3.7
242.11,812.02,4.7
185.02,878.68,5.6
127.93,939.73,6.5
72.93,989.12,7.5
30.91,1033.56,8.4
0,1071.29,9.3
0,1094.39,10.3
0,1109.24,11.2
0,1113.64,12.1
0,1113.64,13.1
0,1097.58,14
0,1074.15,15
0,1055.56,15.9
0,1030.15,16.8
0,1007.49,17.8
0,984.94,18.7
0,966.79,19.6
0,951.83,20.6
0,940.61,21.5
0,934.12,22.4
0,930.27,23.4
0,928.73,24.3
0,929.83,25.2
0,929.28,26.2
0,935,27.1
0,944.35,28
0,948.64,29
0,959.97,29.9
0,965.03,30.8
0,981.86,31.8
0,989.89,32.7
0,1001.44,33.6
0,1002.76,34.6
0,1008.92,35.5
0,1005.29,36.4
0,997.92,37.4
0,984.39,38.3
0,964.81,39.3
0,944.68,40.2
0,924.11,41.1
8.25,905.19,42.1
28.93,883.63,43
121.55,861.74,43.9
340.23,839.19,44.9
479.27,807.4,45.8
617.54,758.45,46.7
688.71,704.66,47.7
731.39,633.71,48.6
763.29,548.02,49.5
839.08,453.42,50.5
937.42,329.23,51.4
1021.68,231.88,52.3
1093.62,155.76,53.3
1152.14,98.78,54.2
1188.44,48.84,55.1
1222.87,18.92,56.1
1234.42,13.86,57
1236.07,13.86,57.9
1237.5,4.95,58.9
1225.84,0,59.8
1207.58,0,60.7
1181.51,0,61.7
1148.51,0,62.6
1115.62,0,63.6
1084.71,0,64.5
1053.69,0,65.4
1027.07,0,66.4
1000.78,0,67.3
984.83,0,68.2
971.41,0,69.2
968.77,0,70.1
967.67,0,71
973.28,0,72
981.09,0,72.9
991.43,0,73.8
997.04,0,74.8
1004.85,0,75.7
1015.19,0,76.6
1016.73,0,77.6
1020.14,0,78.5
1021.9,0,79.4
1017.5,0,80.4
1017.5,0,81.3
1005.51,0,82.2
1000.45,0,83.2
996.05,0,84.1
985.93,0,85
978.78,0,86
973.61,0,86.9
974.6,0,87.8
977.24,0,88.8
977.13,0,89.7
977.02,0,90.7
976.58,0,91.6
975.37,0,92.5
969.76,0,93.5
948.86,13.64,94.4
929.28,59.51,95.3
901.34,154,96.3
866.25,221.87,97.2
824.34,312.18,98.1
772.31,403.81,99.1
703.01,477.62,100
624.91,562.65,100.9
548.13,625.68,0.9
465.19,655.16,1.8
374.22,702.46,2.7
282.15,763.84,3.6
205.59,822.47,4.5
159.72,877.36,5.4
110.99,928.84,6.3
46.75,973.5,7.2
19.91,1008.37,8.1
4.51,1045.44,9
0,1065.68,9.9
0,1084.27,10.8
0,1088.34,11.7
0,1088.67,12.6
0,1079.98,13.5
0,1061.06,14.4
0,1050.28,15.3
0,1030.04,16.2
0,1009.14,17.1
0,990.99,18
0,972.62,18.9
0,956.67,19.8
0,941.27,20.7
0,932.91,21.6
0,931.59,22.5
0,927.52,23.4
0,926.31,24.3
0,929.72,25.2
0,935.55,26.1
0,939.07,27
0,940.61,27.9
0,953.92,28.8
0,962.94,29.7
0,979.33,30.6
0,998.36,31.5
0,1016.07,32.4
0,1026.96,33.3
0,1032.46,34.2
0,1038.84,35.1
0,1038.4,36
0,1031.14,36.9
0,1010.57,37.8
0,995.5,38.7
0,969.21,39.6
4.07,951.06,40.5
18.59,923.56,41.4
53.79,897.16,42.3
245.19,873.07,43.2
391.05,843.7,44.1
525.58,802.89,45
632.61,744.48,45.9
693.77,680.35,46.8
731.61,614.02,47.7
763.18,528,48.6
821.37,430.32,49.5
920.92,312.95,50.5
998.8,224.18,51.4
1068.87,147.07,52.3
1127.61,96.47,53.2
1173.15,52.58,54.1
1197.24,24.42,55
1214.95,9.9,55.9
1212.97,0,56.8
1212.09,0,57.7
1181.73,0,58.6
1156.21,0,59.5
1129.04,0,60.4
1093.18,0,61.3
1059.41,0,62.2
1033.23,0,63.1
1004.63,0,64
984.83,0,64.9
966.68,0,65.8
953.15,0,66.7
945.56,0,67.6
940.5,0,68.5
941.71,0,69.4
951.72,0,70.3
961.62,0,71.2
980.21,0,72.1
999.57,0,73
1014.42,0,73.9
1024.54,0,74.8
1037.19,0,75.7
1047.2,0,76.6
1057.43,0,77.5
1063.81,0,78.4
1066.12,0,79.3
1065.35,0,80.2
1061.17,0,81.1
1058.97,0,82
1048.52,0,82.9
1036.2,0,83.8
1026.41,0,84.7
1016.84,0,85.6
1005.29,0,86.5
998.47,0,87.4
997.04,0,88.3
990.99,0,89.2
989.01,0,90.1
982.41,0,91
973.5,0,91.9
970.31,0,92.8
952.16,18.26,93.7
939.95,54.89,94.6
918.83,135.41,95.5
886.71,200.31,96.4
854.15,275.33,97.3
808.61,360.91,98.2
758.01,444.29,99.1
698.94,536.47,100
624.47,572.33,100.9
548.02,587.62,0.9
463.98,627.22,1.8
385,668.91,2.7
299.64,716.65,3.6
230.89,771.21,4.5
171.82,822.58,5.4
118.91,868.67,6.3
44,922.57,7.2
22,964.81,8.1
8.69,1002.1,9
0,1037.85,9.9
0,1066.45,10.8
0,1078.88,11.7
0,1085.81,12.6
0,1076.79,13.5
0,1067.77,14.4
0,1054.13,15.3
0,1040.82,16.2
0,1019.7,17.1
0,1003.42,18
0,987.58,18.9
0,971.96,19.8
0,966.02,20.7
0,955.46,21.6
0,949.3,22.5
0,946.22,23.4
0,942.59,24.3
0,944.35,25.2
0,941.05,26.1
0,944.35,27
0,945.34,27.9
0,956.34,28.8
0,958.21,29.7
0,967.12,30.6
0,981.31,31.5
0,989.12,32.4
0,997.48,33.3
0,1005.51,34.2
0,1012.77,35.1
0,1011.45,36
0,1004.96,36.9
0,993.3,37.8
0,976.69,38.7
0,957,39.6
6.16,936.1,40.5
26.84,913.55,41.4
94.27,896.94,42.3
276.98,870.32,43.2
390.83,848.43,44.1
510.4,809.27,45
593.34,764.06,45.9
639.76,708.84,46.8
667.04,650.32,47.7
683.43,572,48.6
731.28,489.06,49.5
819.61,379.28,50.5
935.55,267.96,51.4
1026.52,187.55,52.3
1102.09,125.84,53.2
1161.71,77.33,54.1
1209.89,33.88,55
1234.64,14.96,55.9
1253.01,9.9,56.8
1260.27,9.9,57.7
1252.46,0,58.6
1236.29,0,59.5
1214.18,0,60.4
1182.39,0,61.3
1153.24,0,62.2
1119.8,0,63.1
1090.54,0,64
1065.79,0,64.9
1038.73,0,65.8
1020.25,0,66.7
1007.82,0,67.6
1002.65,0,68.5
1003.31,0,69.4
1002.21,0,70.3
1009.36,0,71.2
1021.02,0,72.1
1024.32,0,73
1040.27,0,73.9
1049.95,0,74.8
1059.96,0,75.7
1069.53,0,76.6
1074.92,0,77.5
1082.73,0,78.4
1088.67,0,79.3
1092.19,0,80.2
1089.55,0,81.1
1084.93,0,82
1080.2,0,82.9
1072.39,0,83.8
1065.35,0,84.7
1056.66,0,85.6
1043.24,0,86.5
1031.14,0,87.4
1016.51,0,88.3
1007.49,0,89.2
1000.45,0,90.1
994.29,0,91
993.3,0,91.9
979.44,13.64,92.8
967.67,54.89,93.7
946.33,160.49,94.6
925.1,224.95,95.5
894.85,297.44,96.4
858,383.13,97.3
807.51,451,98.2
760.32,522.83,99.1
695.97,539,100
626.34,545.38,100.9
540.98,578.6,0.9
447.48,621.5,1.7
359.26,674.19,2.6
272.03,728.53,3.4
198.99,776.6,4.3
150.7,829.29,5.2
100.32,871.42,6
49.06,913.33,6.9
20.24,950.4,7.8
0,985.6,8.6
0,1011.12,9.5
0,1034,10.3
0,1043.68,11.2
0,1046.32,12.1
0,1046.32,12.9
0,1042.25,13.8
0,1037.96,14.7
0,1031.47,15.5
0,1025.31,16.4
0,1018.82,17.2
0,1007.38,18.1
0,994.29,19
0,987.8,19.8
0,979.11,20.7
0,973.28,21.6
0,967.23,22.4
0,963.49,23.3
0,962.83,24.1
0,957.11,25
0,956.12,25.9
0,955.46,26.7
0,958.76,27.6
0,955.79,28.4
0,967.56,29.3
0,969.32,30.2
0,976.36,31
0,987.8,31.9
0,997.48,32.8
0,1005.95,33.6
0,1013.21,34.5
0,1020.58,35.3
0,1017.06,36.2
0,1012.66,37.1
0,1005.62,37.9
0,992.31,38.8
4.07,978.78,39.7
14.41,955.79,40.5
37.18,934.01,41.4
155.32,910.36,42.2
304.26,886.05,43.1
404.47,856.46,44
515.02,825.66,44.8
577.61,779.9,45.7
617.65,725.56,46.6
649.44,666.6,47.4
683.87,600.38,48.3
760.1,512.05,49.1
849.86,415.25,50
910.36,305.58,50.9
970.53,215.27,51.7
1029.27,149.6,52.6
1078.66,96.25,53.4
1106.38,59.73,54.3
1129.81,18.92,55.2
1137.95,9.9,56
1139.71,9.9,56.9
1126.4,0,57.8
1115.84,0,58.6
1099.01,0,59.5
1069.09,0,60.3
1044.23,0,61.2
1023.44,0,62.1
1009.36,0,62.9
991.21,0,63.8
972.84,0,64.7
960.85,0,65.5
952.93,0,66.4
949.85,0,67.2
957.11,0,68.1
971.52,0,69
983.73,0,69.8
1007.05,0,70.7
1026.08,0,71.6
1054.13,0,72.4
1071.51,0,73.3
1086.25,0,74.1
1099.01,0,75
1103.3,0,75.9
1110.23,0,76.7
1108.14,0,77.6
1108.47,0,78.4
1104.51,0,79.3
1100.55,0,80.2
1089.66,0,81
1078.66,0,81.9
1065.57,0,82.8
1052.7,0,83.6
1045,0,84.5
1030.26,0,85.3
1024.65,0,86.2
1013.1,0,87.1
1006.39,0,87.9
1009.69,0,88.8
1004.19,0,89.7
1001.99,0,90.5
999.57,0,91.4
986.37,11.44,92.2
972.29,32.01,93.1
951.5,94.49,94
925.98,171.93,94.8
898.04,229.24,95.7
855.14,297.44,96.6
813.89,383.35,97.4
764.39,473.11,98.3
698.61,545.71,99.1
625.9,564.85,100
546.37,587.07,0.9
465.41,611.82,1.8
384.01,648.56,2.7
302.94,695.86,3.6
231.44,744.7,4.5
174.13,798.38,5.4
128.15,847.11,6.3
75.35,893.64,7.1
28.71,930.82,8
4.51,968.66,8.9
0,999.35,9.8
0,1032.13,10.7
0,1049.07,11.6
0,1057.1,12.5
0,1054.57,13.4
0,1053.25,14.3
0,1056,15.2
0,1042.14,16.1
0,1031.25,17
0,1023.22,17.9
0,1012.55,18.8
0,1009.03,19.6
0,1000.78,20.5
0,1001.88,21.4
0,996.49,22.3
0,992.97,23.2
0,994.18,24.1
0,998.03,25
0,996.27,25.9
0,1002.21,26.8
0,996.27,27.7
0,999.79,28.6
0,1004.19,29.5
0,1010.57,30.4
0,1012.88,31.3
0,1023.11,32.1
0,1024.21,33
0,1025.42,33.9
4.07,1022.12,34.8
4.07,1015.63,35.7
4.07,1005.95,36.6
4.07,987.03,37.5
8.25,970.31,38.4
14.41,937.97,39.3
26.84,909.37,40.2
57.97,886.38,41.1
224.73,857.56,42
396.66,831.93,42.9
519.97,794.64,43.8
618.86,746.57,44.6
659.34,697.62,45.5
687.28,638.88,46.4
709.72,563.97,47.3
761.64,487.41,48.2
854.15,403.48,49.1
936.87,297.99,50
1024.87,213.84,50.9
1096.48,149.16,51.8
1160.39,99,52.7
1197.79,57.2,53.6
1226.72,24.42,54.5
1233.1,12.43,55.4
1231.01,9.9,56.3
1227.27,4.95,57.1
1212.86,0,58
1189.54,0,58.9
1168.42,0,59.8
1143.34,0,60.7
1115.95,0,61.6
1097.25,0,62.5
1080.75,0,63.4
1064.25,0,64.3
1054.02,0,65.2
1044.23,0,66.1
1040.71,0,67
1043.9,0,67.9
1042.47,0,68.8
1047.75,0,69.6
1055.12,0,70.5
1062.71,0,71.4
1076.57,0,72.3
1084.6,0,73.2
1092.41,0,74.1
1096.04,0,75
1104.84,0,75.9
1109.02,0,76.8
1111.11,0,77.7
1111.22,0,78.6
1111.44,0,79.5
1111.44,0,80.4
1107.04,0,81.3
1100.11,0,82.1
1092.85,0,83
1086.03,0,83.9
1077.89,0,84.8
1070.19,0,85.7
1064.69,0,86.6
1039.28,0,87.5
1022.56,0,88.4
1009.47,0,89.3
995.72,0,90.2
990.22,0,91.1
981.64,15.95,92
966.13,47.96,92.9
950.29,160.49,93.8
933.68,247.61,94.6
908.6,329.01,95.5
880.33,434.94,96.4
843.48,508.97,97.3
795.41,582.67,98.2
740.19,615.67,99.1
685.3,607.64,100
610.61,621.39,0.8
521.62,643.61,1.6
441.65,674.08,2.5
359.26,700.81,3.3
277.97,734.14,4.1
206.14,768.57,4.9
155.65,808.83,5.7
113.63,847.66,6.6
84.81,877.36,7.4
46.75,911.57,8.2
18.04,937.42,9
6.71,960.41,9.8
4.51,980.65,10.7
4.51,994.51,11.5
0,1008.59,12.3
0,1011.01,13.1
0,1018.05,13.9
0,1013.76,14.8
0,1021.46,15.6
0,1017.28,16.4
0,1013.21,17.2
0,1011.45,18
0,1014.86,18.9
0,1010.24,19.7
0,1008.37,20.5
0,1014.31,21.3
0,1014.86,22.1
0,1015.63,23
0,1014.09,23.8
0,1012.22,24.6
0,1016.29,25.4
0,1012.22,26.2
0,1017.94,27.1
0,1012.44,27.9
22.55,1015.85,28.7
22.11,1021.68,29.5
15.4,1029.71,30.3
0,1031.36,31.1
0,1037.85,32
0,1037.52,32.8
0,1047.2,33.6
0,1046.87,34.4
0,1052.48,35.2
0,1047.09,36.1
0,1041.7,36.9
0,1031.03,37.7
4.07,1020.36,38.5
12.32,1005.18,39.3
24.75,981.86,40.2
53.79,953.15,41
182.49,927.41,41.8
311.74,896.06,42.6
408.76,861.85,43.4
503.8,816.64,44.3
562.76,768.57,45.1
610.94,709.5,45.9
650.54,654.61,46.7
702.02,584.43,47.5
751.85,516.12,48.4
812.02,447.92,49.2
870.1,364.87,50
926.2,263.67,50.8
985.38,186.34,51.6
1040.05,127.71,52.5
1085.59,81.62,53.3
1118.15,42.57,54.1
1137.62,16.61,54.9
1148.62,21.12,55.7
1155.33,4.95,56.6
1153.13,4.95,57.4
1140.92,0,58.2
1128.05,0,59
1111.55,0,59.8
1095.49,0,60.7
1072.94,0,61.5
1049.95,0,62.3
1027.07,0,63.1
1013.1,0,63.9
996.6,0,64.8
986.37,0,65.6
991.76,0,66.4
988.24,0,67.2
995.83,0,68
1005.51,0,68.9
1014.97,0,69.7
1029.16,0,70.5
1038.95,0,71.3
1059.96,0,72.1
1072.17,0,73
1081.74,0,73.8
1096.15,0,74.6
1099.34,0,75.4
1109.24,0,76.2
1114.96,0,77.1
1127.39,0,77.9
1137.51,0,78.7
1141.69,0,79.5
1141.25,0,80.3
1136.74,0,81.2
1134.21,0,82
1126.84,0,82.8
1119.8,0,83.6
1110.12,0,84.4
1101.1,0,85.2
1086.47,0,86.1
1069.09,0,86.9
1048.19,0,87.7
1027.62,0,88.5
1012.11,0,89.3
996.49,6.82,90.2
982.19,18.26,91
967.56,45.76,91.8
958.43,124.52,92.6
940.83,204.6,93.4
917.84,277.53,94.3
894.41,377.3,95.1
860.09,473.33,95.9
816.64,510.51,96.7
770.44,509.41,97.5
712.47,492.91,98.4
648.78,492.69,99.2
566.28,509.63,100
500.39,529.1,0.8
427.02,561.44,1.6
351.56,600.6,2.3
282.48,640.97,3.1
219.01,702.24,3.9
167.64,764.5,4.7
128.37,825,5.4
84.37,874.06,6.2
42.24,921.25,7
17.71,961.51,7.8
0,997.04,8.5
0,1025.64,9.3
0,1047.31,10.1
0,1068.98,10.9
0,1077.23,11.6
0,1081.96,12.4
0,1078,13.2
0,1073.38,14
0,1064.47,14.7
0,1053.14,15.5
0,1042.36,16.3
0,1026.63,17.1
0,1020.25,17.8
0,1009.03,18.6
0,1002.43,19.4
0,1003.64,20.2
0,997.26,20.9
0,992.86,21.7
0,993.41,22.5
0,993.74,23.3
0,1001.88,24
0,1006.72,24.8
20.24,1011.67,25.6
22,1019.7,26.4
9.02,1031.58,27.1
0,1039.72,27.9
0,1049.95,28.7
0,1055.45,29.5
0,1062.05,30.2
0,1071.07,31
0,1066.23,31.8
0,1061.61,32.6
0,1055.56,33.3
0,1047.42,34.1
0,1037.19,34.9
0,1019.37,35.7
8.25,1002.1,36.4
20.68,980.76,37.2
55.44,949.96,38
170.28,920.26,38.8
268.95,883.96,39.5
346.5,848.32,40.3
440,810.7,41.1
505.89,770.22,41.9
565.84,731.17,42.6
596.64,680.79,43.4
627.88,627,44.2
654.83,573.65,45
688.38,505.23,45.7
736.78,441.65,46.5
791.56,364.76,47.3
856.68,272.47,48.1
919.49,213.4,48.8
989.12,146.19,49.6
1047.53,103.95,50.4
1100.11,62.92,51.2
1144.11,23.32,51.9
1168.09,16.61,52.7
1188.22,9.9,53.5
1199.55,4.95,54.3
1202.41,0,55
1192.18,0,55.8
1173.92,0,56.6
1155.77,0,57.4
1132.78,0,58.1
1121.23,0,58.9
1100.77,0,59.7
1089.11,0,60.5
1074.92,0,61.2
1067.33,0,62
1061.83,0,62.8
1060.29,0,63.6
1060.95,0,64.3
1067.99,0,65.1
1072.72,0,65.9
1075.25,0,66.7
1086.58,0,67.4
1093.51,0,68.2
1104.73,0,69
1105.28,0,69.8
1112.43,0,70.5
1113.09,0,71.3
1116.17,0,72.1
1118.92,0,72.9
1120.13,0,73.6
1125.85,0,74.4
1129.04,0,75.2
1132.78,0,76
1129.59,0,76.7
1130.47,0,77.5
1131.13,0,78.3
1136.63,0,79.1
1137.51,0,79.8
1132.12,0,80.6
1128.71,0,81.4
1121.23,0,82.2
1113.75,0,82.9
1104.84,0,83.7
1085.04,0,84.5
1073.93,0,85.3
1052.15,0,86
1026.63,0,86.8
1004.19,0,87.6
979.55,6.82,88.4
962.28,20.57,89.1
944.79,47.63,89.9
922.79,96.69,90.7
908.93,151.8,91.5
886.05,186.01,92.2
869.44,232.43,93
841.61,296.45,93.8
815.43,358.27,94.6
789.36,402.27,95.3
749.87,418.66,96.1
708.07,421.41,96.9
663.3,432.63,97.7
613.36,450.12,98.5
556.93,474.21,99.2
497.97,496.43,100
439.56,528,0.7
393.03,571.78,1.4
346.72,627.77,2.2
299.42,674.85,2.9
251.57,729.52,3.6
199.87,784.96,4.3
158.73,830.83,5.1
123.75,877.36,5.8
81.29,922.13,6.5
40.04,961.29,7.2
19.91,996.38,8
6.71,1027.4,8.7
4.51,1050.61,9.4
4.51,1069.42,10.1
4.51,1083.61,10.9
0,1096.15,11.6
0,1103.74,12.3
0,1101.87,13
0,1102.42,13.8
0,1100.33,14.5
0,1093.84,15.2
0,1084.82,15.9
0,1083.06,16.7
0,1071.62,17.4
0,1070.19,18.1
0,1070.41,18.8
0,1070.52,19.6
0,1070.74,20.3
0,1071.84,21
0,1072.72,21.7
0,1071.18,22.5
0,1076.57,23.2
0,1074.48,23.9
0,1077.89,24.6
0,1078.99,25.4
0,1087.24,26.1
0,1085.26,26.8
0,1093.29,27.5
0,1094.5,28.3
0,1097.47,29
0,1098.24,29.7
0,1104.18,30.4
0,1105.5,31.2
0,1104.07,31.9
4.18,1102.97,32.6
4.18,1099.56,33.3
7.92,1094.5,34.1
7.92,1090.98,34.8
14.19,1080.42,35.5
46.09,1067.44,36.2
73.92,1053.69,37
106.26,1045.55,37.7
142.34,1020.14,38.4
168.85,998.47,39.1
197.34,973.17,39.9
233.2,940.83,40.6
273.13,913.11,41.3
317.79,888.03,42
370.59,865.59,42.8
438.9,843.37,43.5
513.7,823.13,44.2
584.98,805.53,44.9
651.53,776.49,45.6
702.46,747.45,46.4
734.58,709.61,47.1
749.32,666.05,47.8
770.88,627.99,48.5
788.26,580.14,49.3
798.71,536.14,50
815.76,494.56,50.7
841.28,452.43,51.4
860.2,405.35,52.2
879.34,357.61,52.9
904.53,308.44,53.6
922.79,260.92,54.3
947.43,213.62,55.1
965.36,170.17,55.8
982.74,134.86,56.5
1000.89,103.18,57.2
1016.18,76.56,58
1040.6,57.75,58.7
1058.64,38.17,59.4
1081.08,28.05,60.1
1092.85,20.57,60.9
1102.97,20.57,61.6
1111.11,15.95,62.3
1119.14,15.95,63
1124.97,15.95,63.8
1126.62,11,64.5
1126.07,8.69,65.2
1125.74,4.51,65.9
1125.74,4.51,66.7
1121.23,4.51,67.4
1121.34,4.51,68.1
1121.01,4.51,68.8
1118.81,4.51,69.6
1118.37,4.51,70.3
1118.59,0,71
1111.55,4.51,71.7
1111.11,4.51,72.5
1109.02,4.51,73.2
1109.02,0,73.9
1109.35,4.51,74.6
1109.9,0,75.4
1112.32,0,76.1
1114.85,0,76.8
1119.91,0,77.5
1122.55,0,78.3
1124.86,0,79
1131.79,0,79.7
1132.12,0,80.4
1141.25,0,81.2
1141.58,0,81.9
1150.71,0,82.6
1150.93,0,83.3
1153.13,0,84.1
1157.75,0,84.8
1160.06,0,85.5
1162.37,0,86.2
1164.9,4.51,87
1161.05,4.51,87.7
1157.42,14.85,88.4
1155.77,34.87,89.1
1154.45,62.04,89.9
1144.33,89.1,90.6
1132.89,114.51,91.3
1115.51,147.4,92
1098.24,185.57,92.7
1075.03,219.78,93.5
1047.64,249.92,94.2
1012.77,279.4,94.9
971.74,320.54,95.6
921.8,362.56,96.4
866.69,403.7,97.1
808.28,444.51,97.8
752.18,494.56,98.5
691.68,544.72,99.3
637.12,587.84,100
593.34,629.31,0.8
564.41,670.67,1.5
532.95,707.74,2.3
501.16,742.17,3
454.3,781.11,3.8
399.74,815.98,4.5
346.72,843.26,5.3
281.16,872.96,6.1
214.5,893.75,6.8
147.51,917.62,7.6
83.05,945.67,8.3
39.93,966.24,9.1
19.69,987.25,9.9
12.87,998.91,10.6
12.87,1003.75,11.4
10.67,1002.1,12.1
8.58,1002.21,12.9
8.58,999.9,13.6
4.07,1000.23,14.4
4.07,997.15,15.2
4.07,987.91,15.9
4.07,985.38,16.7
4.07,982.85,17.4
4.07,977.68,18.2
4.07,975.15,19
4.07,967.56,19.7
4.07,967.56,20.5
4.07,967.78,21.2
4.07,963.71,22
4.07,961.95,22.7
4.07,957.77,23.5
4.07,954.03,24.3
0,952.49,25
0,953.48,25.8
0,949.74,26.5
0,950.4,27.3
0,948.86,28
0,949.96,28.8
0,955.24,29.6
0,954.58,30.3
0,964.81,31.1
0,963.93,31.8
0,971.74,32.6
0,978.01,33.4
0,982.52,34.1
0,989.89,34.9
0,1000.12,35.6
0,1006.17,36.4
0,1020.58,37.1
0,1028.39,37.9
0,1035.76,38.7
0,1047.2,39.4
0,1049.62,40.2
0,1055.78,40.9
0,1061.39,41.7
0,1053.91,42.4
0,1047.86,43.2
0,1036.75,44
0,1026.08,44.7
6.16,1012.66,45.5
12.32,1004.19,46.2
28.93,1000.89,47
80.41,991.76,47.8
186.56,984.06,48.5
261.91,964.26,49.3
313.17,934.12,50
364.76,903.76,50.8
396.88,869.44,51.5
423.72,829.51,52.3
444.51,791.67,53.1
467.5,748.77,53.8
506.44,695.53,54.6
557.92,639.54,55.3
640.97,570.35,56.1
731.17,496.98,56.9
817.96,406.78,57.6
898.7,294.58,58.4
977.9,207.46,59.1
1039.83,139.26,59.9
1083.61,83.82,60.6
1107.59,50.71,61.4
1118.37,33.22,62.2
1118.92,24.2,62.9
1118.81,20.02,63.7
1115.29,14.96,64.4
1105.17,14.96,65.2
1091.09,7.48,65.9
1075.25,7.48,66.7
1053.25,4.95,67.5
1033.12,4.95,68.2
1013.43,0,69
995.72,0,69.7
977.13,0,70.5
963.27,0,71.3
961.95,0,72
949.85,0,72.8
946.55,0,73.5
941.27,0,74.3
935.77,0,75
938.63,0,75.8
935.33,0,76.6
938.52,0,77.3
941.71,0,78.1
951.83,0,78.8
957.55,0,79.6
959.53,0,80.3
966.57,0,81.1
970.53,0,81.9
970.86,0,82.6
972.84,0,83.4
979.11,0,84.1
975.48,0,84.9
977.57,0,85.7
972.84,0,86.4
962.28,0,87.2
956.23,0,87.9
957.22,0,88.7
957.99,0,89.4
965.8,0,90.2
964.7,0,91
963.27,0,91.7
956.78,0,92.5
954.03,0,93.2
951.06,0,94
935.44,13.64,94.8
921.8,38.83,95.5
905.74,118.03,96.3
882.42,176.99,97
854.48,238.81,97.8
816.97,320.54,98.5
768.24,403.26,99.3
715.88,480.81,100.1
654.61,573.21,100.8
586.96,603.57,0.9
500.61,630.3,1.8
427.9,679.8,2.7
341.44,732.05,3.6
264.55,791.01,4.5
208.01,852.94,5.4
149.16,903.98,6.3
83.05,943.69,7.2
37.07,989.89,8.1
10.45,1020.25,9
8.36,1047.42,9.9
4.18,1065.57,10.8
4.18,1079.87,11.7
0,1081.85,12.6
0,1070.74,13.5
0,1059.41,14.4
0,1050.94,15.3
0,1025.53,16.2
0,1010.35,17.1
0,992.86,18
0,979.55,18.9
0,966.79,19.8
0,956.23,20.7
0,945.34,21.6
0,942.26,22.5
0,936.32,23.4
0,937.64,24.3
0,939.51,25.2
0,941.05,26.1
0,942.81,27
0,949.63,27.9
0,955.79,28.8
0,965.58,29.7
0,975.26,30.6
0,980.54,31.5
0,988.79,32.4
0,998.91,33.3
0,997.59,34.2
0,1001.99,35.1
0,1004.08,36
0,998.47,36.9
0,1001.88,37.8
0,964.92,38.7
0,952.6,39.6
0,937.09,40.5
4.07,919.71,41.4
12.32,899.03,42.3
37.18,884.4,43.2
177.21,862.29,44.1
358.16,835.23,45
482.9,795.41,45.9
603.9,752.29,46.8
672.1,693.66,47.7
715,614.79,48.6
748.99,530.97,49.5
798.93,425.37,50.5
890.12,301.95,51.4
1011.01,211.53,52.3
1098.57,139.26,53.2
1165.89,84.04,54.1
1216.82,36.41,55
1247.62,17.49,55.9
1265.44,12.43,56.8
1265.88,12.43,57.7
1257.41,4.95,58.6
1236.07,0,59.5
1208.68,0,60.4
1177.55,0,61.3
1146.97,0,62.2
1116.28,0,63.1
1082.95,0,64
1057.54,0,64.9
1040.93,0,65.8
1026.08,0,66.7
1007.38,0,67.6
1001.44,0,68.5
988.79,0,69.4
982.85,0,70.3
983.84,0,71.2
982.52,0,72.1
987.8,0,73
1000.12,0,73.9
1010.24,0,74.8
1018.05,0,75.7
1032.57,0,76.6
1042.91,0,77.5
1048.96,0,78.4
1059.63,0,79.3
1073.05,0,80.2
1084.93,0,81.1
1092.52,0,82
1100.22,0,82.9
1098.9,0,83.8
1097.14,0,84.7
1093.51,0,85.6
1086.8,0,86.5
1070.63,0,87.4
1025.53,0,88.3
1041.48,0,89.2
1033.78,0,90.1
1026.63,0,91
1024.98,0,91.9
1003.2,13.64,92.8
995.72,57.2,93.7
977.35,160.82,94.6
949.52,229.57,95.5
913.22,326.26,96.4
867.13,418,97.3
811.36,483.45,98.2
741.29,532.95,99.1
656.26,599.5,100
566.28,603.46,0.9
469.26,650.21,1.8
373.56,702.46,2.7
279.51,764.72,3.5
194.48,820.05,4.4
145.86,875.27,5.3
90.86,924.77,6.2
35.53,969.1,7.1
9.02,1001.33,8
0,1031.47,8.9
0,1054.02,9.7
0,1068.65,10.6
0,1073.05,11.5
0,1073.05,12.4
0,1062.05,13.3
0,1050.39,14.2
0,1030.37,15
0,1019.04,15.9
0,997.15,16.8
0,979.44,17.7
0,964.59,18.6
0,956.56,19.5
0,943.91,20.4
0,938.19,21.2
0,939.07,22.1
0,935.66,23
0,939.29,23.9
0,941.27,24.8
0,945.45,25.7
0,950.4,26.6
0,955.57,27.4
0,957.77,28.3
0,963.38,29.2
0,970.86,30.1
0,977.57,31
0,982.96,31.9
0,987.8,32.7
0,991.76,33.6
0,995.61,34.5
0,991.76,35.4
0,992.53,36.3
0,983.84,37.2
0,970.2,38.1
0,955.79,38.9
0,942.37,39.8
0,924.11,40.7
0,906.84,41.6
10.34,890.12,42.5
45.54,871.97,43.4
203.5,845.46,44.3
332.97,816.09,45.1
468.93,773.08,46
597.41,712.69,46.9
703.45,648.67,47.8
771.43,564.85,48.7
796.18,469.81,49.6
840.18,337.26,50.4
925.54,236.83,51.3
1038.18,166.32,52.2
1115.4,105.6,53.1
1173.7,55.88,54
1220.12,41.14,54.9
1246.74,21.01,55.8
1257.96,18.92,56.6
1253.56,13.86,57.5
1234.09,9.9,58.4
1208.02,0,59.3
1182.5,0,60.2
1148.51,0,61.1
1111,0,62
1068.98,0,62.8
1039.94,0,63.7
1017.5,0,64.6
1001.11,0,65.5
986.92,0,66.4
978.56,0,67.3
972.95,0,68.1
965.25,0,69
966.13,0,69.9
969.32,0,70.8
977.24,0,71.7
994.73,0,72.6
1007.71,0,73.5
1020.36,0,74.3
1039.72,0,75.2
1053.14,0,76.1
1062.05,0,77
1067.11,0,77.9
1074.48,0,78.8
1082.29,0,79.7
1087.79,0,80.5
1095.49,0,81.4
1095.93,0,82.3
1085.7,0,83.2
1071.62,0,84.1
1056.44,0,85
1043.13,0,85.8
1026.3,0,86.7
1012.44,0,87.6
1009.69,0,88.5
1001.77,0,89.4
997.48,0,90.3
999.13,4.51,91.2
987.69,15.95,92
971.3,52.58,92.9
949.96,136.4,93.8
915.75,207.57,94.7
876.7,288.86,95.6
831.05,388.52,96.5
764.39,453.64,97.4
691.68,534.49,98.2
606.87,575.96,99.1
519.75,600.27,0.9
422.4,649.44,1.9
324.83,708.62,2.8
246.07,765.16,3.7
184.36,832.59,4.7
127.93,886.27,5.6
59.95,947.65,6.5
24.2,994.84,7.5
0,1039.94,8.4
0,1071.07,9.3
0,1102.2,10.3
0,1112.1,11.2
0,1115.62,12.1
0,1106.6,13.1
0,1095.27,14
0,1077.23,15
0,1056.88,15.9
0,1029.82,16.8
0,1004.74,17.8
0,980.1,18.7
0,960.3,19.6
0,947.21,20.6
0,939.18,21.5
0,931.15,22.4
0,925.43,23.4
0,919.71,24.3
0,918.61,25.2
0,927.41,26.2
0,927.19,27.1
0,939.51,28
0,940.39,29
0,950.62,29.9
0,964.92,30.8
0,972.84,31.8
0,982.96,32.7
0,981.75,33.6
0,986.26,34.6
0,981.64,35.5
0,975.81,36.4
0,964.59,37.4
0,958.32,38.3
0,942.48,39.3
0,930.16,40.2
6.16,914.87,41.1
16.5,897.05,42.1
55.88,873.07,43
241.56,854.26,43.9
381.37,816.97,44.9
540.21,776.49,45.8
678.59,717.42,46.7
763.4,640.64,47.7
806.85,554.95,48.6
827.2,452.21,49.5
885.83,328.02,50.5
990.88,240.9,51.4
1086.58,164.23,52.3
1174.36,108.68,53.3
1234.75,56.1,54.2
1279.63,28.49,55.1
1310.87,16.39,56.1
1317.58,13.86,57
1305.04,9.9,57.9
1290.85,0,58.9
1261.59,0,59.8
1226.28,0,60.7
1184.37,0,61.7
1146.75,0,62.6
1108.58,0,63.6
1068.65,0,64.5
1040.05,0,65.4
1011.12,0,66.4
993.19,0,67.3
977.79,0,68.2
970.97,0,69.2
966.68,0,70.1
972.73,0,71
974.71,0,72
978.67,0,72.9
989.01,0,73.8
1002.21,0,74.8
1008.04,0,75.7
1011.34,0,76.6
1016.73,0,77.6
1015.85,0,78.5
1015.3,0,79.4
1015.08,0,80.4
1015.41,0,81.3
1018.05,0,82.2
1014.31,0,83.2
1009.03,0,84.1
1002.32,0,85
1000.34,0,86
995.28,0,86.9
993.74,0,87.9
987.25,0,88.8
982.74,0,89.7
977.9,0,90.7
970.42,0,91.6
958.76,0,92.5
946.33,0,93.5
927.08,15.95,94.4
901.56,54.89,95.3
869.77,160.27,96.3
826.1,236.72,97.2
775.61,335.61,98.1
717.2,448.14,99.1
643.61,567.05,100
558.25,699.49,0.9
469.15,739.75,1.9
377.08,770.99,2.8
276.43,831.49,3.7
221.43,891.99,4.7
154.22,937.09,5.6
92.07,974.82,6.5
35.09,1010.35,7.5
10.89,1043.13,8.4
4.51,1066.67,9.3
0,1083.28,10.3
0,1093.84,11.2
0,1093.51,12.1
0,1094.17,13.1
0,1078.55,14
0,1053.8,15
0,1032.02,15.9
0,1012.33,16.8
0,988.35,17.8
0,971.52,18.7
0,956.56,19.6
0,942.37,20.6
0,934.45,21.5
0,928.84,22.4
0,921.03,23.4
0,916.19,24.3
0,915.42,25.2
0,917.51,26.2
0,914.98,27.1
0,922.02,28
0,924.66,29
0,934.23,29.9
0,939.07,30.8
0,936.65,31.8
0,943.69,32.7
0,944.13,33.6
0,947.43,34.6
0,953.37,35.5
0,952.71,36.4
0,954.58,37.4
0,945.34,38.3
0,935,39.3
0,923.78,40.2
0,909.37,41.1
4.07,896.39,42.1
14.41,883.85,43
43.45,864.27,43.9
211.2,846.12,44.9
381.37,817.74,45.8
521.07,777.7,46.7
654.39,729.96,47.7
730.29,663.52,48.6
780.78,585.09,49.5
808.72,499.4,50.5
861.41,372.46,51.4
968.44,263.56,52.3
1081.96,171.27,53.3
1168.31,114.73,54.2
1228.59,58.63,55.1
1270.72,31.57,56.1
1295.36,22.99,57
1306.58,16.39,57.9
1304.6,12.43,58.9
1287.44,9.9,59.8
1262.14,9.9,60.7
1227.05,0,61.7
1187.12,0,62.6
1144.88,0,63.6
1106.71,0,64.5
1075.36,0,65.4
1041.59,0,66.4
1018.71,0,67.3
1002.1,0,68.2
989.89,0,69.2
978.01,0,70.1
972.4,0,71
971.41,0,72
978.78,0,72.9
984.06,0,73.8
998.47,0,74.8
1013.1,0,75.7
1023.44,0,76.6
1032.02,0,77.6
1047.64,0,78.5
1054.24,0,79.4
1063.48,0,80.4
1068.1,0,81.3
1074.92,0,82.2
1081.85,0,83.2
1083.83,0,84.1
1079.76,0,85
1081.96,0,86
1071.29,0,86.9
1057.98,0,87.9
1041.81,0,88.8
1035.98,0,89.7
1032.79,0,90.7
1031.14,0,91.6
1024.76,0,92.5
1015.19,6.82,93.5
1001.11,27.39,94.4
979.88,99.55,95.3
949.85,183.7,96.3
904.64,256.08,97.2
854.37,354.75,98.1
798.05,462,99.1
718.52,572.99,100
624.8,627.44,0.9
529.32,649,1.9
432.3,696.74,2.8
325.93,749.1,3.7
237.93,796.95,4.6
182.82,854.92,5.6
127.93,908.49,6.5
71.17,959.53,7.4
26.51,1002.1,8.3
6.71,1035.32,9.3
4.51,1063.48,10.2
4.51,1087.57,11.1
0,1095.38,12
0,1102.75,13
0,1094.28,13.9
0,1078.66,14.8
0,1063.04,15.7
0,1043.13,16.7
0,1023,17.6
0,1003.75,18.5
0,986.7,19.4
0,969.1,20.4
0,963.38,21.3
0,950.62,22.2
0,946.99,23.2
0,946.22,24.1
0,944.68,25
0,942.04,25.9
0,941.27,26.9
0,948.64,27.8
0,950.84,28.7
6.71,958.32,29.6
24.2,970.42,30.6
8.69,976.25,31.5
0,986.59,32.4
0,991.76,33.3
0,987.69,34.3
0,990,35.2
0,984.5,36.1
0,985.71,37
0,973.83,38
0,956.23,38.9
0,940.5,39.8
4.07,925.76,40.7
10.34,903.32,41.7
33.11,888.36,42.6
135.63,861.08,43.5
369.71,828.74,44.4
512.49,778.69,45.4
661.65,711.59,46.3
746.57,637.89,47.2
800.47,544.72,48.2
851.62,444.73,49.1
929.39,330.33,50
1035.76,235.18,50.9
1115.84,159.17,51.9
1182.28,107.69,52.8
1235.3,58.96,53.7
1266.54,31.57,54.6
1284.8,26.51,55.6
1287.66,18.92,56.5
1275.12,13.86,57.4
1253.45,13.86,58.3
1218.8,8.91,59.3
1181.07,3.96,60.2
1138.5,0,61.1
1090.98,3.96,62
1048.19,0,63
1016.51,0,63.9
993.19,0,64.8
972.62,3.96,65.7
965.03,0,66.7
955.68,0,67.6
956.89,0,68.5
955.79,0,69.5
965.69,0,70.4
973.61,0,71.3
990.33,0,72.2
1011.89,0,73.2
1024.43,0,74.1
1042.14,0,75
1051.16,0,75.9
1055.56,0,76.9
1060.4,0,77.8
1058.42,0,78.7
1058.42,0,79.6
1058.97,0,80.6
1056.66,0,81.5
1054.79,0,82.4
1048.52,0,83.3
1045,0,84.3
1048.3,0,85.2
1039.06,0,86.1
1030.26,0,87
1024.87,0,88
1020.36,0,88.9
1017.06,0,89.8
1008.81,0,90.7
1006.72,0,91.7
997.37,13.64,92.6
985.49,41.14,93.5
962.5,127.38,94.5
934.67,211.53,95.4
891.22,295.13,96.3
841.72,414.59,97.2
782.32,523.71,98.2
709.83,605.11,99.1
632.39,605.33,100
538.89,606.76,0.9
450.12,645.59,1.9
349.47,683.98,2.8
259.38,745.36,3.8
201.96,811.36,4.7
149.93,864.82,5.7
81.95,918.06,6.6
33.22,971.96,7.5
10.89,1011.23,8.5
4.51,1046.32,9.4
4.51,1069.53,10.4
4.51,1086.47,11.3
0,1091.42,12.3
0,1094.17,13.2
0,1088.12,14.1
0,1070.41,15.1
0,1057.21,16
0,1040.05,17
0,1027.84,17.9
0,1008.15,18.9
0,991.1,19.8
0,979.11,20.7
0,978.34,21.7
0,968.88,22.6
0,965.47,23.6
0,957.99,24.5
0,955.13,25.5
0,948.2,26.4
0,947.98,27.3
0,948.75,28.3
0,945.56,29.2
19.8,947.43,30.2
26.4,959.09,31.1
4.51,965.91,32.1
0,970.97,33
0,981.2,33.9
0,989.78,34.9
0,995.94,35.8
0,1003.64,36.8
0,996.27,37.7
0,986.92,38.7
0,977.24,39.6
6.16,965.36,40.5
16.5,949.52,41.5
39.27,931.26,42.4
153.12,905.96,43.4
345.95,884.51,44.3
491.92,853.6,45.3
633.27,810.7,46.2
713.02,747.56,47.2
744.7,680.02,48.1
784.19,600.93,49
844.47,500.72,50
924.99,387.75,50.9
996.38,257.73,51.9
1053.8,176.11,52.8
1112.65,123.86,53.8
1153.57,72.38,54.7
1176.89,33.55,55.6
1187.89,29.04,56.6
1188.11,21.01,57.5
1175.57,15.95,58.5
1154.23,13.86,59.4
1133.77,8.91,60.4
1102.64,3.96,61.3
1069.53,3.96,62.2
1036.86,3.96,63.2
1004.41,3.96,64.1
977.9,0,65.1
953.81,0,66
935.88,0,67
924.33,0,67.9
917.4,0,68.8
923.23,0,69.8
931.48,0,70.7
953.04,0,71.7
972.84,0,72.6
994.51,0,73.6
1011.12,0,74.5
1030.48,0,75.4
1036.64,0,76.4
1053.03,0,77.3
1056.99,0,78.3
1060.73,0,79.2
1066.56,0,80.2
1064.36,0,81.1
1066.34,0,82
1059.96,0,83
1056.77,0,83.9
1044.78,0,84.9
1035.76,0,85.8
1031.8,0,86.8
1025.53,0,87.7
1024.87,0,88.6
1023,0,89.6
1018.93,0,90.5
1012.11,0,91.5
1003.09,13.64,92.4
988.79,41.14,93.4
967.67,139.48,94.3
933.57,236.5,95.2
901.12,313.94,96.2
855.36,429.11,97.1
802.78,529.87,98.1
737.44,572.33,99
659.78,568.7,100
567.38,582.78,1
483.01,622.49,1.9
383.9,661.1,2.9
283.8,707.74,3.8
221.76,770.77,4.8
163.13,827.42,5.7
112.31,888.36,6.7
48.51,935.55,7.6
15.29,988.13,8.6
4.51,1023.99,9.5
4.51,1052.7,10.5
0,1077.12,11.4
0,1086.8,12.4
0,1088.12,13.3
0,1087.35,14.3
0,1069.75,15.2
0,1061.61,16.2
0,1039.83,17.1
0,1017.61,18.1
0,1002.1,19
0,986.48,20
0,975.92,21
0,962.83,21.9
0,954.47,22.9
0,956.12,23.8
0,948.31,24.8
0,945.67,25.7
0,949.08,26.7
20.24,946.77,27.6
35.31,956.67,28.6
24.2,959.42,29.5
0,968.11,30.5
0,973.39,31.4
0,980.54,32.4
0,979,33.3
0,979.55,34.3
0,980.32,35.2
0,968.77,36.2
0,952.05,37.1
0,939.73,38.1
8.25,923.56,39
24.75,909.26,40
85.25,889.79,41
346.17,855.03,41.9
539,814.55,42.9
709.06,755.15,43.8
824.01,684.2,44.8
867.35,597.96,45.7
931.7,495.11,46.7
996.27,382.03,47.6
1049.95,261.58,48.6
1101.32,176.11,49.5
1148.84,114.07,50.5
1178.76,64.9,51.4
1195.15,33.66,52.4
1210.88,27.17,53.3
1206.81,17.49,54.3
1194.05,14.96,55.2
1174.91,12.43,56.2
1142.57,9.9,57.1
1111.33,9.9,58.1
1074.7,4.95,59
1034.33,0,60
998.03,0,61
958.32,0,61.9
933.57,0,62.9
908.93,0,63.8
890.23,0,64.8
873.73,0,65.7
876.59,0,66.7
881.65,0,67.6
891.55,0,68.6
907.61,0,69.5
923.56,0,70.5
939.62,0,71.4
964.37,0,72.4
980.43,0,73.3
992.75,0,74.3
1011.56,0,75.2
1021.57,0,76.2
1036.97,0,77.1
1052.37,0,78.1
1068.21,0,79
1074.26,0,80
1078.33,0,81
1077.78,0,81.9
1067,0,82.9
1054.9,0,83.8
1035.1,0,84.8
1019.48,0,85.7
1008.92,0,86.7
1002.1,0,87.6
987.47,0,88.6
978.67,0,89.5
962.83,0,90.5
949.3,0,91.4
940.28,11.44,92.4
917.95,36.52,93.3
908.49,103.4,94.3
887.37,187.22,95.2
852.94,257.18,96.2
815.54,343.97,97.1
768.57,435.38,98.1
715,532.4,99
647.24,575.85,100
560.34,595.1,1
481.25,633.16,1.9
399.85,678.37,2.9
297.88,721.27,3.8
232.32,779.46,4.8
173.58,847.11,5.7
116.49,903.76,6.7
55,960.19,7.6
21.67,1002.87,8.6
10.45,1046.21,9.5
4.18,1079.43,10.5
4.18,1103.19,11.4
0,1113.31,12.4
0,1121.34,13.4
0,1114.85,14.3
0,1096.37,15.3
0,1073.49,16.2
0,1058.31,17.2
0,1043.02,18.1
0,1025.86,19.1
0,1010.57,20
0,997.7,21
0,990.22,21.9
0,976.91,22.9
0,973.28,23.9
0,968,24.8
0,964.59,25.8
0,966.13,26.7
4.51,965.25,27.7
22.44,962.83,28.6
31.02,965.8,29.6
19.8,970.97,30.5
0,974.27,31.5
0,976.69,32.4
0,982.63,33.4
0,985.27,34.3
0,990.55,35.3
0,987.25,36.3
0,977.24,37.2
0,963.71,38.2
4.07,951.5,39.1
10.34,931.92,40.1
26.84,920.92,41
74.69,906.73,42
266.09,891.77,42.9
435.82,865.92,43.9
549.56,831.71,44.8
622.93,794.31,45.8
641.96,739.31,46.7
650.54,675.95,47.7
667.04,593.12,48.7
714.12,507.43,49.6
799.15,403.81,50.6
873.18,300.96,51.5
962.5,215.05,52.5
1044.34,149.93,53.4
1114.41,89.54,54.4
1157.75,43.01,55.3
1186.35,23.54,56.3
1201.42,21.01,57.2
1212.75,21.01,58.2
1213.63,16.39,59.1
1208.24,13.86,60.1
1190.09,13.86,61.1
1169.96,0,62
1147.08,0,63
1122.55,0,63.9
1093.62,0,64.9
1068.98,0,65.8
1042.8,0,66.8
1024.65,0,67.7
1013.43,0,68.7
1004.08,0,69.6
1003.64,0,70.6
1005.62,0,71.6
1009.03,0,72.5
1014.97,0,73.5
1027.4,0,74.4
1031.03,0,75.4
1032.9,0,76.3
1036.86,0,77.3
1032.35,0,78.2
1029.71,0,79.2
1025.31,0,80.1
1020.25,0,81.1
1015.3,0,82
1001.22,0,83
990.44,0,84
986.59,0,84.9
988.79,0,85.9
986.15,0,86.8
987.36,0,87.8
992.64,0,88.7
990.33,0,89.7
992.09,0,90.6
988.79,0,91.6
981.31,0,92.5
968.77,22.88,93.5
951.83,94.71,94.4
926.09,185.79,95.4
887.15,251.79,96.4
840.84,352.99,97.3
787.16,434.61,98.3
719.18,508.09,99.2
631.62,574.42,100.2
552.53,646.25,0.9
458.15,679.25,1.9
355.52,711.7,2.8
261.36,762.74,3.7
198.55,809.38,4.7
145.97,866.58,5.6
93.17,909.81,6.5
37.84,946.44,7.5
11.22,982.41,8.4
6.71,1012.66,9.3
4.51,1030.59,10.3
4.51,1047.2,11.2
4.51,1054.24,12.1
0,1059.08,13.1
0,1054.9,14
0,1044.34,15
0,1028.39,15.9
0,1015.52,16.8
0,1002.54,17.8
0,987.69,18.7
0,979.99,19.6
0,962.72,20.6
0,952.38,21.5
0,948.86,22.4
0,948.2,23.4
0,944.9,24.3
0,952.6,25.2
0,952.71,26.2
0,952.49,27.1
0,957.11,28
0,959.53,29
0,961.84,29.9
15.73,969.21,30.8
17.71,971.63,31.8
0,976.91,32.7
0,980.21,33.6
0,980.43,34.6
0,986.59,35.5
0,995.94,36.4
0,988.24,37.4
0,986.59,38.3
0,970.31,39.3
0,952.6,40.2
0,936.54,41.1
12.32,918.5,42.1
37.18,894.3,43
171.05,873.95,43.9
381.37,842.82,44.9
517.44,803.33,45.8
664.29,741.07,46.7
744.26,674.52,47.7
790.02,591.14,48.6
834.13,484.44,49.5
902.77,366.52,50.5
1000.01,262.35,51.4
1077.89,168.08,52.3
1139.6,110.22,53.3
1187.78,60.83,54.2
1218.91,29.48,55.1
1232.11,24.42,56.1
1238.71,14.96,57
1232.55,12.43,57.9
1206.26,9.9,58.9
1171.72,4.95,59.8
1134.98,0,60.7
1092.3,0,61.7
1047.75,0,62.6
1003.75,0,63.6
970.75,0,64.5
940.5,0,65.4
915.97,0,66.4
900.13,0,67.3
888.47,0,68.2
882.86,0,69.2
888.14,0,70.1
893.53,0,71
907.72,0,72
930.6,0,72.9
947.21,0,73.8
973.17,0,74.8
999.24,0,75.7
1021.13,0,76.6
1038.62,0,77.6
1053.91,0,78.5
1064.47,0,79.4
1077.67,0,80.4
1082.4,0,81.3
1082.4,0,82.2
1080.86,0,83.2
1072.83,0,84.1
1060.84,0,85
1042.91,0,86
1029.49,0,86.9
1012.66,0,87.9
1003.97,0,88.8
998.91,0,89.7
990.33,0,90.7
984.06,0,91.6
970.75,4.51,92.5
961.51,13.64,93.5
945.45,45.76,94.4
924.44,154.66,95.3
901.12,240.24,96.3
856.02,330.22,97.2
808.17,440.11,98.1
750.86,530.53,99.1
675.73,617.87,100
595.76,669.35,1
501.71,679.36,1.9
411.07,714.12,2.9
320.65,757.02,3.8
243.98,807.18,4.8
182.6,863.28,5.7
132.11,913.22,6.7
81.84,954.69,7.6
37.4,989.12,8.6
10.89,1024.32,9.5
4.51,1055.89,10.5
4.51,1076.79,11.4
0,1085.7,12.4
0,1083.5,13.3
0,1076.57,14.3
0,1063.48,15.2
0,1042.91,16.2
0,1025.2,17.1
0,1003.2,18.1
0,985.49,19
0,972.18,20
0,958.76,20.9
0,947.76,21.9
0,941.49,22.8
0,936.1,23.8
0,933.68,24.7
0,936.98,25.7
0,935.33,26.6
0,941.82,27.6
0,946.33,28.5
0,957.99,29.5
0,969.32,30.4
0,974.16,31.4
0,988.02,32.3
0,1005.4,33.3
0,1015.52,34.2
0,1019.48,35.2
0,1032.68,36.1
0,1033.89,37.1
0,1033.45,38
6.16,1021.46,39
10.34,1005.51,39.9
18.59,982.63,40.9
35.09,957.88,41.8
104.06,930.49,42.8
263.78,902.44,43.7
412.72,876.26,44.7
565.62,844.8,45.6
666.49,805.64,46.6
690.03,749.65,47.5
743.27,693.88,48.5
781.66,619.3,49.4
859.21,530.97,50.4
938.08,431.75,51.3
1009.91,305.58,52.3
1071.51,216.92,53.2
1130.8,136.29,54.2
1189.76,84.37,55.1
1222.65,40.59,56.1
1238.6,18.92,57
1245.64,18.92,58
1250.7,9.9,58.9
1238.27,9.9,59.9
1224.52,9.9,60.8
1197.46,9.9,61.8
1161.82,0,62.7
1132.67,0,63.7
1105.28,0,64.6
1071.4,0,65.6
1042.03,0,66.5
1017.39,0,67.5
999.13,0,68.4
981.09,0,69.4
971.19,0,70.3
963.49,0,71.3
964.59,0,72.2
966.35,0,73.2
967.89,0,74.1
976.25,0,75.1
977.9,0,76
981.42,0,77
985.05,0,77.9
982.63,0,78.9
982.41,0,79.8
981.42,0,80.8
971.85,0,81.7
965.36,0,82.7
967.56,0,83.6
961.73,0,84.6
956.56,0,85.5
951.06,0,86.5
949.63,0,87.4
952.05,0,88.4
953.92,0,89.3
955.9,0,90.3
953.59,0,91.2
954.91,0,92.2
951.5,0,93.1
945.78,11.44,94.1
933.79,32.01,95
914.65,130.02,96
888.91,222.97,96.9
856.46,302.28,97.9
816.31,416.24,98.8
757.68,486.53,99.8
692.01,550.88,100.7
606.87,609.4,0.9
520.3,621.61,1.8
423.61,678.37,2.7
330.11,753.61,3.6
235.62,843.48,4.5
176.99,892.65,5.4
130.35,953.37,6.3
70.84,1007.16,7.2
24.42,1039.83,8.1
4.51,1072.72,9
4.51,1093.95,9.9
0,1110.12,10.8
0,1115.29,11.7
0,1111.11,12.6
0,1102.31,13.5
0,1084.27,14.4
0,1060.84,15.3
0,1044.78,16.2
0,1019.81,17.1
0,1001.66,18
0,985.82,18.9
0,970.2,19.8
0,954.58,20.7
0,948.09,21.6
0,948.75,22.5
0,945.12,23.4
0,951.17,24.3
0,954.47,25.2
0,958.76,26.1
0,962.61,27
0,966.68,27.9
0,973.61,28.8
0,985.38,29.7
0,989.78,30.6
0,994.95,31.5
0,998.03,32.4
0,1001.88,33.3
0,1005.4,34.2
0,1004.19,35.1
0,1007.38,36
0,1005.84,36.9
0,998.14,37.8
0,984.06,38.7
0,970.86,39.6
4.07,949.3,40.5
8.25,929.28,41.4
22.77,910.58,42.3
60.06,896.28,43.2
224.73,880.44,44.1
347.71,860.31,45
464.53,828.63,45.9
569.69,789.25,46.8
628.87,739.2,47.7
662.64,678.37,48.6
706.31,604.12,49.5
773.85,524.26,50.4
865.48,411.4,51.3
971.63,301.07,52.2
1058.42,200.86,53.1
1131.24,140.8,54
1187.78,93.17,54.9
1222.65,45.21,55.8
1250.37,22.99,56.7
1265.77,22.99,57.6
1267.86,15.95,58.5
1261.81,15.95,59.4
1240.8,3.96,60.3
1217.59,3.96,61.2
1185.25,3.96,62.1
1157.64,3.96,63
1126.07,0,63.9
1101.1,0,64.8
1075.8,0,65.7
1054.9,0,66.6
1036.42,0,67.5
1019.92,0,68.4
1003.09,0,69.3
995.5,0,70.2
992.09,0,71.1
990.77,0,72
991.76,0,72.9
997.15,0,73.8
1000.23,0,74.7
1008.26,0,75.6
1015.74,0,76.5
1021.68,0,77.4
1032.13,0,78.3
1039.83,0,79.2
1045.88,0,80.1
1053.8,0,81
1062.05,0,81.9
1068.32,0,82.8
1072.72,0,83.7
1068.32,0,84.6
1071.73,0,85.5
1065.57,0,86.4
1059.96,0,87.3
1052.81,0,88.2
1040.16,0,89.1
1037.52,0,90
1029.49,0,90.9
1029.71,0,91.8
1018.71,9.13,92.7
1003.31,22.88,93.6
987.14,77.99,94.5
962.06,160.27,95.4
934.12,224.95,96.3
895.4,317.35,97.2
845.46,414.59,98.1
790.9,489.61,99
723.58,584.54,99.9
646.03,616.99,100.8
556.05,628.98,0.9
481.25,666.16,1.8
377.19,702.35,2.8
291.94,740.41,3.7
226.27,783.86,4.6
163.13,822.25,5.5
114.62,861.63,6.4
62.04,898.59,7.4
22.22,927.85,8.3
4.51,962.28,9.2
4.51,981.75,10.1
0,1000.01,11
0,1015.74,12
0,1016.4,12.9
0,1017.28,13.8
0,1018.38,14.7
0,1006.06,15.6
0,1003.75,16.6
0,998.58,17.5
0,988.68,18.4
0,981.42,19.3
0,979.11,20.2
0,967.23,21.2
0,962.06,22.1
0,958.76,23
0,955.79,23.9
0,954.8,24.8
0,953.7,25.8
0,948.53,26.7
0,949.85,27.6
0,952.38,28.5
0,955.35,29.4
0,955.9,30.4
0,956.45,31.3
0,964.15,32.2
0,969.21,33.1
0,974.71,34
0,980.1,35
0,991.32,35.9
0,1003.86,36.8
0,1012.11,37.7
0,1014.31,38.6
0,1018.27,39.6
0,1014.2,40.5
0,1002.54,41.4
4.07,991.32,42.3
12.32,970.97,43.2
28.93,949.52,44.2
72.49,933.24,45.1
234.19,908.16,46
363,884.51,46.9
477.62,845.57,47.8
581.24,799.26,48.8
632.06,745.58,49.7
684.64,683.87,50.6
749.76,603.35,51.5
820.27,523.82,52.4
902.99,430.21,53.4
976.36,314.27,54.3
1037.96,220.66,55.2
1096.81,151.69,56.1
1142.79,109.67,57
1186.46,54.12,58
1204.28,23.54,58.9
1217.81,21.01,59.8
1229.47,18.92,60.7
1230.79,9.9,61.6
1216.82,9.9,62.6
1198.56,9.9,63.5
1175.9,0,64.4
1146.64,0,65.3
1120.24,0,66.2
1089,0,67.2
1060.07,0,68.1
1033.01,0,69
1014.86,0,69.9
1000.89,0,70.8
993.41,0,71.8
985.71,0,72.7
980.43,0,73.6
981.42,0,74.5
985.27,0,75.4
992.97,0,76.4
998.91,0,77.3
1000.01,0,78.2
1003.53,0,79.1
1003.31,0,80
1001.55,0,81
1000.01,0,81.9
995.94,0,82.8
991.87,0,83.7
987.14,0,84.6
982.63,0,85.6
976.91,0,86.5
967.89,0,87.4
967.34,0,88.3
976.47,0,89.2
983.51,0,90.2
987.58,0,91.1
989.12,0,92
990.77,0,92.9
985.16,9.13,93.8
979.44,25.08,94.8
964.81,70.84,95.7
941.38,177.65,96.6
907.06,273.13,97.5
861.3,361.24,98.4
807.51,450.78,99.4
739.64,505.78,100.3
659.23,557.37,101.2
561.55,580.91,0.9
455.4,618.97,1.8
341.55,682.77,2.8
248.93,763.95,3.7
196.24,839.08,4.6
137.61,902.66,5.5
79.86,963.6,6.4
28.93,1013.1,7.4
9.02,1058.31,8.3
6.71,1092.08,9.2
4.51,1120.9,10.1
4.51,1130.69,11
0,1135.86,12
0,1134.65,12.9
0,1116.5,13.8
0,1100.55,14.7
0,1082.4,15.6
0,1065.02,16.6
0,1044.45,17.5
0,1025.09,18.4
0,1004.3,19.3
0,989.67,20.2
0,976.36,21.2
0,970.09,22.1
0,959.2,23
0,952.71,23.9
0,950.51,24.8
0,949.19,25.8
0,954.8,26.7
0,962.83,27.6
0,966.13,28.5
0,976.8,29.4
0,984.06,30.4
0,993.41,31.3
0,1001.55,32.2
0,1017.72,33.1
0,1024.1,34
0,1030.15,35
0,1028.39,35.9
0,1026.52,36.8
0,1012.22,37.7
0,990.55,38.6
0,968,39.6
0,951.61,40.5
0,924,41.4
8.25,907.17,42.3
47.52,878.35,43.2
235.84,857.23,44.2
383.57,824.78,45.1
517.88,778.69,46
634.26,721.38,46.9
723.58,646.8,47.8
784.63,557.92,48.8
813.56,452.76,49.7
866.69,326.92,50.6
951.5,227.59,51.5
1046.21,137.06,52.4
1102.42,95.04,53.4
1147.63,54.23,54.3
1177,20.46,55.2
1191.52,20.46,56.1
1203.51,12.43,57
1189.54,9.9,58
1166.33,4.95,58.9
1134.43,9.9,59.8
1104.73,0,60.7
1069.42,0,61.6
1041.26,0,62.6
1006.94,0,63.5
979,0,64.4
956.56,0,65.3
938.63,0,66.2
925.21,0,67.2
913.88,0,68.1
913,0,69
914.87,0,69.9
916.52,0,70.8
926.64,0,71.8
932.14,0,72.7
944.35,0,73.6
956.45,0,74.5
962.61,0,75.4
973.39,0,76.4
979.11,0,77.3
989.23,0,78.2
997.04,0,79.1
1001.11,0,80
1004.41,0,81
1005.95,0,81.9
1003.53,0,82.8
999.13,0,83.7
986.59,0,84.6
976.25,0,85.6
973.06,0,86.5
971.96,0,87.4
967.45,0,88.3
961.51,0,89.2
955.68,0,90.2
940.5,0,91.1
933.68,0,92
919.82,0,92.9
907.83,0,93.8
898.37,9.13,94.8
884.18,38.5,95.7
859.1,107.58,96.6
839.74,214.06,97.5
809.05,299.09,98.4
766.81,400.84,99.4
713.46,495.22,100.3
654.72,582.23,101.2
591.58,663.3,0.9
509.52,690.36,1.8
419.43,730.95,2.7
334.07,788.59,3.6
250.36,843.92,4.6
194.26,901.45,5.5
126.83,945.89,6.4
60.61,981.42,7.3
25.63,1017.17,8.2
16.83,1043.46,9.1
14.74,1066.89,10
10.45,1081.19,10.9
10.45,1091.09,11.8
10.45,1093.51,12.7
4.18,1087.24,13.7
4.18,1075.91,14.6
0,1060.4,15.5
0,1052.48,16.4
0,1048.52,17.3
0,1039.06,18.2
0,1030.81,19.1
0,1025.53,20
0,1022.34,20.9
0,1019.7,21.8
0,1023.44,22.8
0,1027.95,23.7
0,1027.07,24.6
0,1029.16,25.5
0,1035.54,26.4
0,1036.75,27.3
0,1038.73,28.2
0,1038.73,29.1
0,1035.76,30
0,1038.07,30.9
0,1034.11,31.9
0,1026.74,32.8
0,1022.45,33.7
0,1015.74,34.6
0,1003.64,35.5
0,988.68,36.4
0,975.92,37.3
0,954.58,38.2
0,932.91,39.1
0,906.73,40
6.16,885.39,41
22.77,857.01,41.9
68.2,838.42,42.8
289.52,816.64,43.7
430.1,779.13,44.6
566.28,746.79,45.5
668.14,695.53,46.4
727.21,637.78,47.3
763.18,565.73,48.2
789.03,480.26,49.1
833.25,390.94,50.1
890.45,283.36,51
951.61,202.29,51.9
1009.8,139.26,52.8
1068.43,94.6,53.7
1109.9,46.42,54.6
1130.25,31.9,55.5
1135.31,26.51,56.4
1140.59,21.45,57.3
1128.38,21.45,58.2
1109.24,21.45,59.2
1086.03,11.55,60.1
1061.17,6.05,61
1031.58,3.96,61.9
1001.55,3.96,62.8
977.57,3.96,63.7
951.72,3.96,64.6
929.61,3.96,65.5
915.53,3.96,66.4
903.76,0,67.3
898.37,0,68.3
897.71,0,69.2
901.12,0,70.1
913.22,0,71
923.12,0,71.9
926.64,0,72.8
947.65,0,73.7
951.17,0,74.6
965.58,0,75.5
978.34,0,76.4
988.9,0,77.4
999.24,0,78.3
1005.62,0,79.2
1009.47,0,80.1
1020.36,3.96,81
1015.85,3.96,81.9
1015.52,0,82.8
1013.21,0,83.7
1005.07,0,84.6
998.91,13.64,85.5
993.19,15.95,86.5
990.88,13.64,87.4
993.19,9.13,88.3
986.7,4.51,89.2
977.68,4.51,90.1
971.85,4.51,91
958.43,6.82,91.9
944.9,11.44,92.8
930.82,20.57,93.7
919.49,34.32,94.6
903.32,82.17,95.6
882.31,171.93,96.5
854.48,241.12,97.4
817.3,303.38,98.3
770.33,374.99,99.2
711.48,444.51,100.1
649.77,522.72,101
576.4,583.11,0.9
498.96,602.25,1.8
426.03,635.58,2.7
347.27,688.93,3.6
258.39,745.69,4.5
199.32,807.4,5.3
149.38,846.67,6.2
98.45,890.01,7.1
48.18,931.59,8
17.16,972.29,8.9
10.45,997.48,9.8
8.36,1011.34,10.7
4.18,1036.86,11.6
0,1046.98,12.5
0,1054.46,13.4
0,1050.39,14.2
0,1040.71,15.1
0,1029.93,16
0,1019.59,16.9
0,1011.45,17.8
0,996.38,18.7
0,983.95,19.6
0,969.21,20.5
0,961.73,21.4
0,952.93,22.3
0,949.85,23.1
0,940.61,24
0,938.74,24.9
0,946.88,25.8
0,939.4,26.7
0,942.81,27.6
0,946.44,28.5
0,949.96,29.4
0,958.1,30.3
0,963.93,31.2
0,969.76,32
0,978.12,32.9
0,988.13,33.8
0,994.95,34.7
0,1000.34,35.6
0,1009.25,36.5
0,1013.43,37.4
0,1013.98,38.3
0,1008.7,39.2
0,1006.72,40.1
0,989.78,40.9
0,973.5,41.8
0,964.81,42.7
8.25,952.49,43.6
28.93,929.5,44.5
106.59,908.82,45.4
264.66,885.83,46.3
377.19,852.5,47.2
502.15,817.41,48.1
596.97,775.28,49
662.09,716.76,49.8
691.35,650.43,50.7
709.5,567.16,51.6
759.11,483.78,52.5
833.8,370.37,53.4
904.42,260.7,54.3
993.08,182.82,55.2
1069.53,127.6,56.1
1119.58,79.2,57
1152.03,45.76,57.9
1173.15,31.02,58.7
1181.51,26.51,59.6
1178.76,23.98,60.5
1156.87,13.86,61.4
1132.67,13.86,62.3
1100.44,3.96,63.2
1071.29,0,64.1
1035.87,0,65
1013.76,0,65.9
987.25,0,66.8
969.32,0,67.6
953.59,0,68.5
943.8,0,69.4
944.9,0,70.3
941.71,0,71.2
948.86,0,72.1
960.74,0,73
972.73,0,73.9
984.72,0,74.8
1001.88,0,75.7
1016.95,0,76.5
1029.71,0,77.4
1042.91,0,78.3
1047.42,0,79.2
1058.2,0,80.1
1066.45,0,81
1068.32,0,81.9
1065.79,0,82.8
1066.23,0,83.7
1059.63,0,84.6
1055.67,0,85.4
1050.06,0,86.3
1042.36,0,87.2
1039.94,0,88.1
1026.96,0,89
1012.44,0,89.9
1003.86,0,90.8
1004.74,0,91.7
996.27,0,92.6
987.8,9.13,93.5
976.58,32.01,94.3
960.85,122.98,95.2
940.17,241.45,96.1
906.18,322.52,97
861.08,415.03,97.9
808.39,475.53,98.8
750.42,525.36,99.7
671.55,594.33,100.6
579.04,637.23,0.9
484.44,675.18,1.8
382.69,719.4,2.7
281.82,765.49,3.6
189.86,807.51,4.5
140.69,858.11,5.4
92.18,897.05,6.3
44,921.91,7.2
23.98,949.19,8.1
15.07,977.46,9
12.87,997.04,9.9
4.51,1004.74,10.8
0,1014.86,11.7
0,1013.65,12.6
0,1005.62,13.5
0,995.28,14.4
0,985.93,15.3
0,974.16,16.2
0,964.81,17.1
0,955.68,18
0,936.1,18.9
0,923.67,19.8
0,919.27,20.7
0,911.46,21.6
0,906.29,22.5
0,905.63,23.4
0,905.41,24.3
0,905.3,25.2
0,909.7,26.1
0,909.59,27
0,919.16,27.9
0,919.71,28.8
0,926.86,29.7
0,936.87,30.6
0,947.1,31.5
4.18,953.15,32.4
0,957.88,33.3
0,962.5,34.2
0,964.15,35.1
0,971.3,36
0,976.03,36.9
0,985.38,37.8
0,984.17,38.7
0,987.91,39.6
0,989.23,40.5
4.07,990.22,41.4
6.16,978.67,42.3
14.41,969.21,43.2
28.93,948.75,44.1
65.67,929.5,45
186.12,899.36,45.9
295.13,875.82,46.8
390.72,842.27,47.7
491.81,804.32,48.6
555.83,743.38,49.5
606.1,673.09,50.4
651.64,608.74,51.3
705.1,547.36,52.2
780.45,440.66,53.1
884.29,332.53,54
979,239.03,54.9
1066.56,171.71,55.8
1136.3,117.59,56.7
1177.66,71.06,57.6
1210,43.45,58.5
1232,38.06,59.4
1239.26,23.98,60.3
1231.89,21.45,61.2
1213.3,14.96,62.1
1190.2,12.43,63
1158.74,9.9,63.9
1127.72,9.9,64.8
1094.5,4.95,65.7
1065.79,0,66.6
1041.26,0,67.5
1028.39,0,68.4
1019.04,0,69.3
1016.07,0,70.2
1013.1,0,71.1
1016.62,0,72
1019.92,0,72.9
1018.82,0,73.8
1026.85,0,74.7
1032.46,0,75.6
1040.27,0,76.5
1046.32,0,77.4
1052.37,0,78.3
1054.35,0,79.2
1056.44,0,80.1
1050.28,0,81
1043.79,0,81.9
1036.42,0,82.8
1039.06,0,83.7
1013.21,0,84.6
996.82,0,85.5
985.38,0,86.4
980.1,0,87.3
978.45,0,88.2
973.94,0,89.1
971.41,0,90
973.39,0,90.9
974.6,0,91.8
974.05,9.13,92.7
966.46,22.88,93.6
956.34,80.41,94.5
935.66,183.59,95.4
907.61,247.72,96.3
868.34,320.76,97.2
824.67,394.79,98.1
772.97,445.17,99
705.32,502.7,99.9
629.31,540.32,100.8
538.56,568.48,0.9
444.18,632.17,1.9
350.35,683.87,2.8
268.4,750.86,3.8
206.69,818.62,4.7
158.73,879.23,5.6
95.48,939.84,6.6
44.11,994.07,7.5
13.2,1037.19,8.5
4.51,1075.25,9.4
4.51,1096.48,10.3
0,1111.33,11.3
0,1115.84,12.2
0,1114.41,13.2
0,1101.1,14.1
0,1085.04,15
0,1076.24,16
0,1057.87,16.9
0,1041.81,17.9
0,1018.93,18.8
0,1002.43,19.7
0,990.99,20.7
0,975.15,21.6
0,966.24,22.6
0,961.95,23.5
0,958.1,24.4
0,959.09,25.4
0,960.19,26.3
0,961.29,27.3
0,972.18,28.2
0,980.87,29.1
0,991.54,30.1
0,1004.52,31
0,1018.16,32
0,1035.32,32.9
0,1043.24,33.8
0,1054.02,34.8
0,1058.86,35.7
0,1048.63,36.7
0,1038.73,37.6
0,1022.01,38.5
0,1001.66,39.5
12.32,972.95,40.4
35.09,947.43,41.4
154.99,922.79,42.3
329.78,895.07,43.2
448.25,866.14,44.2
579.81,827.2,45.1
655.49,787.38,46.1
701.91,730.07,47
738.98,665.28,47.9
762.41,589.38,48.9
814.11,500.83,49.8
888.91,397.65,50.8
957,300.19,51.7
1021.24,216.26,52.6
1086.8,153.78,53.6
1134.65,107.47,54.5
1169.74,51.37,55.5
1193.17,29.04,56.4
1210.99,24.42,57.3
1219.9,18.92,58.3
1222.65,13.86,59.2
1217.26,9.9,60.2
1203.51,9.9,61.1
1187.56,9.9,62
1164.68,0,63
1142.35,0,63.9
1119.58,0,64.9
1099.45,0,65.8
1075.25,0,66.7
1061.61,0,67.7
1045.55,0,68.6
1040.71,0,69.6
1033.56,0,70.5
1037.19,0,71.4
1040.71,0,72.4
1044.12,0,73.3
1040.82,0,74.3
1042.36,0,75.2
1043.68,0,76.1
1047.31,0,77.1
1048.85,0,78
1048.3,0,79
1045.77,0,79.9
1040.38,0,80.8
1036.86,0,81.8
1029.16,0,82.7
1024.21,0,83.7
1019.48,0,84.6
1017.39,0,85.5
1018.6,0,86.5
1013.43,0,87.4
1008.48,0,88.4
1006.61,0,89.3
1006.61,0,90.2
1003.53,0,91.2
989.89,6.82,92.1
982.19,18.26,93.1
972.07,56.76,94
953.26,153.67,94.9
927.63,220.77,95.9
897.38,289.3,96.8
847,382.25,97.8
802.23,451,98.7
741.4,522.94,99.6
663.74,564.41,100.6
575.74,580.14,0.9
490.05,618.86,1.7
392.26,668.47,2.6
300.08,724.35,3.4
221.1,781.22,4.3
174.35,841.83,5.2
128.15,897.38,6
73.59,944.46,6.9
31.24,988.79,7.7
9.02,1029.05,8.6
4.51,1065.57,9.5
4.51,1091.97,10.3
0,1111.22,11.2
0,1118.81,12
0,1112.87,12.9
0,1111.99,13.8
0,1103.41,14.6
0,1092.96,15.5
0,1077.45,16.3
0,1059.63,17.2
0,1046.65,18.1
0,1033.89,18.9
0,1021.24,19.8
0,1012.66,20.6
0,1001.11,21.5
0,997.37,22.4
0,987.14,23.2
0,983.62,24.1
0,982.52,24.9
0,976.47,25.8
0,985.16,26.7
0,986.26,27.5
0,992.86,28.4
0,998.47,29.2
0,1012.11,30.1
0,1018.16,31
0,1024.21,31.8
0,1038.18,32.7
0,1046.87,33.5
0,1060.73,34.4
0,1063.04,35.3
0,1065.46,36.1
0,1059.63,37
0,1051.93,37.8
0,1037.3,38.7
0,1016.62,39.6
0,994.07,40.4
14.41,967.01,41.3
43.45,944.35,42.1
186.89,917.18,43
312.18,894.63,43.9
418.22,862.4,44.7
536.91,818.18,45.6
626.34,758.12,46.4
701.36,697.4,47.3
754.49,626.23,48.2
818.73,532.73,49
891.77,425.81,49.9
947.54,303.82,50.7
999.68,210.76,51.6
1048.08,150.48,52.5
1086.8,101.86,53.3
1118.81,55.55,54.2
1138.39,31.57,55
1151.7,26.51,55.9
1145.32,21.01,56.8
1138.83,13.86,57.6
1117.49,13.86,58.5
1096.26,8.91,59.3
1065.9,8.91,60.2
1033.12,3.96,61.1
1002.21,0,61.9
978.34,0,62.8
958.32,0,63.6
940.06,0,64.5
923.56,0,65.4
911.57,0,66.2
904.2,0,67.1
905.08,0,67.9
910.36,0,68.8
921.8,0,69.7
933.57,0,70.5
943.25,0,71.4
959.64,0,72.2
969.32,0,73.1
990,0,74
1000.12,0,74.8
1017.17,0,75.7
1025.86,0,76.5
1037.19,0,77.4
1046.98,0,78.3
1060.84,0,79.1
1061.06,0,80
1052.37,0,80.8
1043.24,0,81.7
1028.61,0,82.6
1017.83,0,83.4
1002.43,0,84.3
995.94,0,85.1
983.62,0,86
973.61,0,86.9
967.78,0,87.7
968.22,0,88.6
966.02,0,89.4
963.49,0,90.3
956.45,0,91.2
947.65,11.44,92
938.3,37.84,92.9
922.46,124.63,93.7
902.33,213.73,94.6
881.54,276.32,95.5
851.29,353.1,96.3
809.6,405.9,97.2
758.56,440.99,98
702.68,468.6,98.9
642.51,488.07,99.8
575.41,515.24,100.6
496.1,557.7,0.9
435.16,610.17,1.8
372.13,659.56,2.6
300.19,710.82,3.5
233.97,765.05,4.4
182.05,821.26,5.3
136.29,864.93,6.2
87.34,908.6,7
41.58,947.21,7.9
19.25,979.11,8.8
8.36,1007.16,9.7
8.36,1025.09,10.6
8.36,1043.13,11.4
0,1052.7,12.3
0,1055.45,13.2
0,1048.41,14.1
0,1044.23,15
0,1035.43,15.8
0,1027.29,16.7
0,1023.22,17.6
0,1017.06,18.5
0,1005.62,19.4
0,1001.88,20.2
0,995.83,21.1
0,988.02,22
0,986.48,22.9
0,989.45,23.8
0,990.88,24.6
0,984.83,25.5
0,986.04,26.4
0,987.69,27.3
0,991.43,28.2
0,993.3,29
0,997.81,29.9
4.18,1004.08,30.8
0,1005.73,31.7
0,1013.76,32.6
0,1020.58,33.4
0,1023.77,34.3
0,1028.39,35.2
0,1030.37,36.1
0,1025.2,37
0,1016.73,37.8
0,1004.41,38.7
0,986.81,39.6
0,962.72,40.5
10.34,944.57,41.4
33.11,919.16,42.2
143.33,887.81,43.1
290.07,859.54,44
398.75,835.89,44.9
533.28,803.88,45.8
635.03,756.36,46.6
706.2,698.83,47.5
751.3,633.27,48.4
786.39,559.9,49.3
826.1,474.76,50.2
878.57,364.32,51
948.86,272.03,51.9
1015.74,201.3,52.8
1080.31,139.26,53.7
1134.1,81.51,54.6
1175.9,42.57,55.4
1201.97,25.63,56.3
1217.37,23.1,57.2
1219.79,16.39,58.1
1211.76,9.9,59
1201.97,9.9,59.8
1179.09,4.95,60.7
1162.92,0,61.6
1135.64,0,62.5
1115.07,0,63.4
1094.72,0,64.2
1076.57,0,65.1
1067.11,0,66
1055.78,0,66.9
1054.9,0,67.8
1052.04,0,68.6
1055.56,0,69.5
1061.17,0,70.4
1062.6,0,71.3
1070.96,0,72.2
1068.43,0,73
1074.7,0,73.9
1074.15,0,74.8
1071.07,0,75.7
1072.83,0,76.6
1065.57,0,77.4
1067.44,0,78.3
1058.31,0,79.2
1050.94,0,80.1
1048.19,0,81
1041.37,0,81.8
1036.97,0,82.7
1036.31,0,83.6
1026.63,0,84.5
1024.32,0,85.4
1018.05,0,86.2
1011.01,0,87.1
1005.51,0,88
997.92,0,88.9
990,0,89.8
987.47,0,90.6
980.43,0,91.5
969.1,13.64,92.4
956.89,41.14,93.3
944.46,134.2,94.2
923.12,209.88,95
895.62,272.03,95.9
867.02,358.49,96.8
827.75,421.52,97.7
777.04,483.67,98.6
723.58,543.73,99.4
657.58,563.09,100.3
576.29,591.8,0.8
502.26,630.52,1.6
425.81,662.42,2.3
340.45,707.96,3.1
268.95,747.01,3.9
203.28,792.88,4.7
152.46,843.59,5.5
104.39,893.42,6.2
66.88,940.28,7
28.93,978.01,7.8
9.02,1011.78,8.6
4.51,1040.16,9.4
4.51,1060.07,10.1
0,1075.47,10.9
0,1088.23,11.7
0,1092.08,12.5
0,1100.11,13.3
0,1094.39,14
0,1095.93,14.8
0,1089.44,15.6
0,1081.96,16.4
0,1076.35,17.2
0,1060.95,17.9
0,1048.08,18.7
0,1044.78,19.5
0,1036.53,20.3
0,1028.28,21.1
0,1023.33,21.8
0,1017.28,22.6
0,1014.2,23.4
0,1008.81,24.2
0,1005.84,25
0,1002.43,25.7
0,1005.62,26.5
0,1004.74,27.3
4.51,1013.21,28.1
22,1015.52,28.9
0,1016.95,29.6
0,1025.97,30.4
0,1029.38,31.2
0,1037.85,32
0,1039.06,32.8
0,1043.24,33.5
0,1038.84,34.3
0,1029.6,35.1
0,1025.53,35.9
0,1007.93,36.7
0,985.82,37.4
0,965.8,38.2
8.25,947.1,39
24.75,924,39.8
84.81,896.94,40.6
210.54,869.88,41.3
288.09,836.55,42.1
383.02,804.54,42.9
471.9,753.72,43.7
552.42,705.1,44.5
610.61,651.64,45.2
642.18,588.39,46
676.39,517.66,46.8
727.54,448.69,47.6
791.45,383.57,48.4
857.78,289.3,49.1
931.15,226.05,49.9
1011.89,166.87,50.7
1088.89,126.28,51.5
1147.19,87.89,52.3
1189.32,57.2,53
1218.36,24.42,53.8
1236.18,21.89,54.6
1243.33,16.39,55.4
1239.7,9.9,56.2
1223.2,9.9,56.9
1204.5,4.95,57.7
1185.47,0,58.5
1153.79,0,59.3
1133.33,0,60.1
1108.14,0,60.8
1085.37,0,61.6
1075.58,0,62.4
1063.59,0,63.2
1058.75,0,64
1062.38,0,64.7
1064.14,0,65.5
1067.44,0,66.3
1068.65,0,67.1
1069.86,0,67.9
1079.98,0,68.6
1089.55,0,69.4
1092.63,0,70.2
1104.07,0,71
1109.46,0,71.8
1116.72,0,72.5
1117.93,0,73.3
1128.27,0,74.1
1133.77,0,74.9
1133.11,0,75.7
1134.87,0,76.4
1134.43,0,77.2
1135.53,0,78
1125.96,0,78.8
1116.5,0,79.6
1111,0,80.3
1105.94,0,81.1
1099.23,0,81.9
1091.86,0,82.7
1085.37,0,83.5
1067.66,0,84.2
1054.57,0,85
1037.63,0,85.8
1024.98,0,86.6
1014.53,0,87.4
1001.11,6.82,88.1
987.8,11.44,88.9
969.76,22.88,89.7
951.83,47.96,90.5
935.66,99.22,91.3
915.09,141.13,92
899.14,175.56,92.8
878.13,218.68,93.6
857.12,267.08,94.4
837.87,335.61,95.2
816.53,384.01,95.9
790.57,407.88,96.7
759.88,408.98,97.5
726.77,413.27,98.3
688.93,419.54,99.1
642.29,432.85,99.8
594.99,454.63,100.6
548.24,484,101.4
498.96,515.9,0.9
450.78,555.39,1.8
403.92,599.39,2.6
355.74,644.16,3.5
303.93,692.56,4.4
260.59,750.86,5.3
211.42,797.61,6.2
169.73,849.75,7
136.95,885.06,7.9
99.99,927.41,8.8
64.24,967.45,9.7
31.02,1011.12,10.6
19.91,1046.65,11.4
0,1075.03,12.3
0,1099.12,13.2
0,1118.7,14.1
0,1126.18,15
0,1131.68,15.8
0,1127.06,16.7
0,1127.83,17.6
0,1118.15,18.5
0,1108.8,19.4
0,1098.9,20.2
0,1087.46,21.1
0,1080.64,22
0,1074.04,22.9
0,1071.73,23.8
0,1072.17,24.6
0,1067,25.5
6.71,1064.69,26.4
36.08,1069.75,27.3
44.55,1072.5,28.2
50.93,1072.83,29
57.09,1073.38,29.9
54.45,1083.5,30.8
40.92,1088.56,31.7
18.92,1088.67,32.6
10.45,1094.39,33.4
12.54,1099.01,34.3
16.28,1101.54,35.2
22.44,1102.42,36.1
28.49,1100.44,37
42.9,1096.81,37.8
65.78,1085.81,38.7
107.47,1075.47,39.6
152.79,1060.73,40.5
201.08,1037.3,41.4
265.43,1009.69,42.2
352.33,981.97,43.1
454.08,939.95,44
547.58,896.5,44.9
618.09,836.44,45.8
662.86,778.03,46.6
693.22,721.38,47.5
713.02,669.24,48.4
729.63,627.55,49.3
762.19,582.89,50.2
785.18,542.74,51
804.54,492.8,51.9
821.92,444.51,52.8
843.7,393.8,53.7
874.06,338.03,54.6
900.13,271.81,55.4
928.73,213.4,56.3
963.6,166.43,57.2
994.07,126.39,58.1
1023.99,85.91,59
1049.84,59.84,59.8
1078,34.76,60.7
1095.38,26.62,61.6
1119.25,26.62,62.5
1128.49,26.62,63.4
1144,24.09,64.2
1146.86,14.96,65.1
1147.3,9.46,66
1145.43,4.95,66.9
1139.71,4.51,67.8
1133.55,0,68.6
1127.17,0,69.5
1123.1,0,70.4
1112.65,0,71.3
1110.67,0,72.2
1112.87,0,73
1117.27,0,73.9
1121.56,0,74.8
1123.43,0,75.7
1129.48,0,76.6
1133.66,0,77.4
1135.53,0,78.3
1143.89,0,79.2
1152.69,0,80.1
1154.78,0,81
1155,0,81.8
1157.2,0,82.7
1161.82,0,83.6
1164.13,0,84.5
1164.35,0,85.4
1165.01,0,86.2
1167.43,0,87.1
1170.18,0,88
1166.33,0,88.9
1162.59,0,89.8
1159.07,0,90.6
1154.89,0,91.5
1153.35,0,92.4
1145.1,0,93.3
1138.61,0,94.2
1132.23,0,95
1130.03,4.51,95.9
1121.34,11.44,96.8
1112.65,25.08,97.7
1104.4,49.5,98.6
1096.04,102.63,99.4
1078.44,175.67,100.3
1059.3,242.99,101.2
